"obsDate","Species","State","Latitude","Longitude","New","Confirmed","Alive","Date","week.number"
2010-05-02,"Lepidochelys kempii","AL",30.2313,-87.936861,"N","Y","N",2010-05-02,18
2010-05-02,"Lepidochelys kempii","AL",30.250125,-88.075553,"N","Y","N",2010-05-02,18
2010-05-03,"Lepidochelys kempii","AL",30.248253,-88.125822,"N","Y","N",2010-05-03,19
2010-05-03,"Lepidochelys kempii","AL",30.26888,-88.07172,"N","Y","N",2010-05-03,19
2010-05-03,"Lepidochelys kempii","AL",30.332274,-88.132595,"N","Y","N",2010-05-03,19
2010-05-04,"Lepidochelys kempii","AL",30.2481,-88.1261,"N","Y","N",2010-05-04,19
2010-05-04,"Lepidochelys kempii","AL",30.395431,-88.107261,"N","Y","N",2010-05-04,19
2010-05-04,"Lepidochelys kempii","AL",30.5401,-88.0814,"N","Y","N",2010-05-04,19
2010-05-05,"Lepidochelys kempii","AL",30.368167,-88.278317,"N","Y","N",2010-05-05,19
2010-05-05,"Lepidochelys kempii","AL",30.445639,-88.109028,"N","Y","N",2010-05-05,19
2010-05-06,"Lepidochelys kempii","AL",30.250164,-88.162886,"N","Y","N",2010-05-06,19
2010-05-06,"Lepidochelys kempii","AL",30.249856,-88.2021,"N","Y","N",2010-05-06,19
2010-05-07,"Lepidochelys kempii","AL",30.367914,-87.839833,"N","Y","N",2010-05-07,19
2010-05-07,"Lepidochelys kempii","AL",30.492133,-87.929833,"N","Y","N",2010-05-07,19
2010-05-08,"Lepidochelys kempii","AL",30.24945,-88.172633,"N","Y","N",2010-05-08,19
2010-05-08,"Lepidochelys kempii","AL",30.253417,-87.823317,"N","Y","N",2010-05-08,19
2010-05-10,"Lepidochelys kempii","AL",30.381033,-88.267233,"N","Y","N",2010-05-10,20
2010-05-11,"Lepidochelys kempii","AL",30.230283,-88.023694,"N","Y","N",2010-05-11,20
2010-05-13,"Lepidochelys kempii","AL",30.25057,-87.82896,"N","Y","N",2010-05-13,20
2010-05-13,"Caretta caretta","AL",30.22843,-87.86139,"N","Y","N",2010-05-13,20
2010-05-13,"Chelonia mydas","AL",30.23116,-87.92899,"N","Y","N",2010-05-13,20
2010-05-13,"Lepidochelys kempii","AL",30.24561,-88.12423,"N","Y","N",2010-05-13,20
2010-05-13,"Lepidochelys kempii","AL",30.3709,-88.10967,"N","Y","N",2010-05-13,20
2010-05-14,"Lepidochelys kempii","AL",30.247186,-88.125303,"N","Y","N",2010-05-14,20
2010-05-16,"Chelonia mydas","AL",30.27427,-88.11115,"N","Y","N",2010-05-16,20
2010-05-17,"Lepidochelys kempii","AL",30.24383,-88.09289,"N","Y","N",2010-05-17,21
2010-05-18,"Lepidochelys kempii","AL",30.227653,-88.113175,"N","Y","N",2010-05-18,21
2010-05-18,"Lepidochelys kempii","AL",30.377883,-88.241517,"N","Y","N",2010-05-18,21
2010-05-18,"Lepidochelys kempii","AL",30.425728,-88.103975,"N","Y","N",2010-05-18,21
2010-05-18,"Lepidochelys kempii","AL",30.37832,-87.85102,"N","Y","N",2010-05-18,21
2010-05-19,"Lepidochelys kempii","AL",30.2476,-88.12448,"N","Y","N",2010-05-19,21
2010-05-19,"Lepidochelys kempii","AL",30.375,-88.285,"N","Y","Y",2010-05-19,21
2010-05-20,"Lepidochelys kempii","AL",30.23184,-88.33659,"N","Y","N",2010-05-20,21
2010-05-20,"Lepidochelys kempii","AL",30.23194,-88.33659,"N","Y","N",2010-05-20,21
2010-05-20,"Lepidochelys kempii","AL",30.3763,-88.24042,"N","Y","N",2010-05-20,21
2010-05-21,"Lepidochelys kempii","AL",30.244817,-88.114433,"N","Y","N",2010-05-21,21
2010-05-22,"Lepidochelys kempii","AL",30.381586,-88.257839,"N","Y","Y",2010-05-22,21
2010-05-22,"Lepidochelys kempii","AL",30.37675,-88.25848,"N","Y","N",2010-05-22,21
2010-05-22,"Lepidochelys kempii","AL",30.591497,-88.063306,"N","Y","N",2010-05-22,21
2010-05-23,"Lepidochelys kempii","AL",30.35887,-87.83267,"N","Y","N",2010-05-23,21
2010-05-23,"Lepidochelys kempii","AL",30.2827,-87.75123,"N","Y","N",2010-05-23,21
2010-05-24,"Lepidochelys kempii","AL",30.2573,-88.1462,"N","Y","N",2010-05-24,22
2010-05-24,"Lepidochelys kempii","AL",30.24507,-88.08815,"N","Y","N",2010-05-24,22
2010-05-24,"Lepidochelys kempii","AL",30.44495,-88.11424,"N","Y","N",2010-05-24,22
2010-05-24,"Lepidochelys kempii","AL",30.41885,-88.09638,"N","Y","N",2010-05-24,22
2010-05-26,"Lepidochelys kempii","AL",30.41673,-88.10479,"N","Y","N",2010-05-26,22
2010-05-27,"Lepidochelys kempii","AL",30.25057,-88.20267,"N","Y","N",2010-05-27,22
2010-05-27,"Lepidochelys kempii","AL",30.23557,-88.27688,"N","Y","N",2010-05-27,22
2010-05-28,"Lepidochelys kempii","AL",30.4923,-88.0519,"N","Y","N",2010-05-28,22
2010-05-29,"Lepidochelys kempii","AL",30.35415,-88.23312,"N","Y","N",2010-05-29,22
2010-06-03,"Caretta caretta","AL",30.2775,-87.5537,"N","Y","Y",2010-06-03,23
2010-06-04,"Lepidochelys kempii","AL",30.35898,-88.20843,"N","Y","N",2010-06-04,23
2010-06-05,"Eretmochelys imbricata","AL",30.248301,-87.676815,"N","Y","Y",2010-06-05,23
2010-06-08,"Caretta caretta","AL",30.23565,-88.26442,"N","Y","N",2010-06-08,24
2010-06-06,"Lepidochelys kempii","AL",30.37043,-88.25507,"N","Y","N",2010-06-06,23
2010-06-11,"Caretta caretta","AL",30.25106,-87.65367,"N","Y","N",2010-06-11,24
2010-06-13,"Lepidochelys kempii","AL",30.36646,-88.24433,"N","Y","N",2010-06-13,24
2010-06-13,"Lepidochelys kempii","AL",30.52578,-87.91704,"N","Y","N",2010-06-13,24
2010-06-16,"Caretta caretta","AL",30.25365,-87.64212,"N","Y","N",2010-06-16,25
2010-06-18,"Lepidochelys kempii","AL",30.52215,-88.06168,"N","Y","N",2010-06-18,25
2010-06-19,"Lepidochelys kempii","AL",30.26724,-87.78724,"N","Y","N",2010-06-19,25
2010-06-19,"Lepidochelys kempii","AL",30.28043,-87.76678,"N","Y","N",2010-06-19,25
2010-06-20,"Lepidochelys kempii","AL",30.37177,-88.06541,"N","Y","N",2010-06-20,25
2010-06-20,"Lepidochelys kempii","AL",30.332983,-88.1304,"N","Y","N",2010-06-20,25
2010-06-21,"Lepidochelys kempii","AL",30.53176,-88.0229,"N","Y","N",2010-06-21,26
2010-06-21,"Lepidochelys kempii","AL",30.29802,-87.99772,"N","Y","N",2010-06-21,26
2010-06-23,"Lepidochelys kempii","AL",30.6085,-88.0556,"N","Y","N",2010-06-23,26
2010-06-24,"Lepidochelys kempii","AL",30.3228,-87.51488,"N","Y","N",2010-06-24,26
2010-06-25,"Lepidochelys kempii","AL",30.25917,-87.86152,"N","Y","N",2010-06-25,26
2010-06-26,"Lepidochelys kempii","AL",30.370583,-88.2809,"N","Y","N",2010-06-26,26
2010-06-26,"Lepidochelys kempii","AL",30.290183,-88.208166,"N","Y","N",2010-06-26,26
2010-06-26,"Lepidochelys kempii","AL",30.27595,-87.76513,"N","Y","N",2010-06-26,26
2010-06-27,"Unknown","AL",30.49744,-88.04932,"N","Y","N",2010-06-27,26
2010-06-27,"Lepidochelys kempii","AL",30.50712,-88.0789,"N","Y","N",2010-06-27,26
2010-06-30,"Chelonia mydas","AL",30.2403,-88.12395,"N","Y","Y",2010-06-30,27
2010-07-02,"Lepidochelys kempii","AL",30.2255,-88.1089,"N","Y","N",2010-07-02,27
2010-07-02,"Lepidochelys kempii","AL",30.105,-88.04166,"N","Y","Y",2010-07-02,27
2010-07-05,"Chelonia mydas","AL",30.29965,-87.4859,"N","Y","N",2010-07-05,28
2010-07-09,"Lepidochelys kempii","AL",30.23985,-88.32628,"N","Y","Y",2010-07-09,28
2010-07-10,"Lepidochelys kempii","AL",30.59365,-88.0398,"N","Y","N",2010-07-10,28
2010-07-11,"Lepidochelys kempii","AL",30.27726,-87.76435,"N","Y","N",2010-07-11,28
2010-07-11,"Lepidochelys kempii","AL",30.2849,-87.7642,"N","Y","N",2010-07-11,28
2010-07-14,"Lepidochelys kempii","AL",30.48597,-88.01768,"N","Y","N",2010-07-14,29
2010-07-15,"Unknown","AL",30.28118,-87.75023,"N","Y","N",2010-07-15,29
2010-07-16,"Lepidochelys kempii","AL",30.28468,-87.81596,"N","Y","N",2010-07-16,29
2010-07-19,"Lepidochelys kempii","AL",30.268916,-87.868466,"N","Y","N",2010-07-19,30
2010-07-19,"Lepidochelys kempii","AL",30.28768,-88.30526,"N","Y","N",2010-07-19,30
2010-07-20,"Lepidochelys kempii","AL",30.49486,-88.07144,"N","Y","N",2010-07-20,30
2010-07-22,"Lepidochelys kempii","AL",30.477166,-88.098506,"N","Y","N",2010-07-22,30
2010-07-22,"Caretta caretta","AL",30.23022,-87.90641,"N","Y","N",2010-07-22,30
2010-07-27,"Lepidochelys kempii","AL",30.266116,-87.907716,"N","Y","N",2010-07-27,31
2010-07-28,"Lepidochelys kempii","AL",30.268316,-87.78671,"N","Y","N",2010-07-28,31
2010-07-29,"Lepidochelys kempii","AL",30.27134,-88.10646,"N","Y","N",2010-07-29,31
2010-07-31,"Lepidochelys kempii","AL",30.47674,-88.09686,"N","Y","N",2010-07-31,31
2010-07-31,"Lepidochelys kempii","AL",30.306031,-87.460682,"N","Y","N",2010-07-31,31
2010-08-03,"Lepidochelys kempii","AL",30.30233,-87.58668,"N","Y","N",2010-08-03,32
2010-08-03,"Lepidochelys kempii","AL",30.2457,-88.07559,"N","Y","Y",2010-08-03,32
2010-08-04,"Caretta caretta","AL",29.98667,-88.225,"N","Y","Y",2010-08-04,32
2010-08-05,"Lepidochelys kempii","AL",30.281466,-87.786766,"N","Y","N",2010-08-05,32
2010-08-06,"Lepidochelys kempii","AL",30.24632,-87.66694,"N","Y","Y",2010-08-06,32
2010-08-06,"Unknown","AL",30.513116,-88.0482,"N","Y","N",2010-08-06,32
2010-08-07,"Unknown","AL",30.5203,-88.042,"N","Y","N",2010-08-07,32
2010-08-07,"Unknown","AL",30.52217,-88.03567,"N","Y","N",2010-08-07,32
2010-08-09,"Caretta caretta","AL",30.27283,-87.54787,"N","Y","N",2010-08-09,33
2010-08-09,"Lepidochelys kempii","AL",30.4685,-88.0555,"N","Y","N",2010-08-09,33
2010-08-09,"Lepidochelys kempii","AL",30.26768,-87.7916,"N","Y","N",2010-08-09,33
2010-08-12,"Lepidochelys kempii","AL",30.25025,-88.16543,"N","Y","N",2010-08-12,33
2010-08-15,"Lepidochelys kempii","AL",30.23184,-88.01803,"N","Y","N",2010-08-15,33
2010-08-17,"Lepidochelys kempii","AL",30.390136,-87.875074,"N","Y","N",2010-08-17,34
2010-08-18,"Lepidochelys kempii","AL",30.381329,-88.270996,"N","Y","Y",2010-08-18,34
2010-08-19,"Lepidochelys kempii","AL",30.6543,-88.0137,"N","Y","N",2010-08-19,34
2010-08-19,"Lepidochelys kempii","AL",30.24638,-87.96048,"N","Y","N",2010-08-19,34
2010-08-20,"Lepidochelys kempii","AL",30.50505,-88.0526,"N","Y","N",2010-08-20,34
2010-08-22,"Unknown","AL",30.50335,-88.02099,"N","Y","N",2010-08-22,34
2010-08-24,"Lepidochelys kempii","AL",30.4822,-88.034,"N","Y","N",2010-08-24,35
2010-08-25,"Lepidochelys kempii","AL",30.26065,-87.78706,"N","Y","N",2010-08-25,35
2010-08-28,"Lepidochelys kempii","AL",30.25059,-88.14422,"N","Y","Y",2010-08-28,35
2010-08-28,"Lepidochelys kempii","AL",30.23123,-88.29169,"N","Y","N",2010-08-28,35
2010-08-31,"Caretta caretta","AL",30.253367,-87.645433,"N","Y","N",2010-08-31,36
2010-09-01,"Lepidochelys kempii","AL",30.22383,-88.106214,"N","Y","N",2010-09-01,36
2010-09-07,"Chelonia mydas","AL",30.265671,-87.595091,"N","Y","N",2010-09-07,37
2010-09-10,"Chelonia mydas","AL",30.283527,-87.536581,"N","Y","N",2010-09-10,37
2010-09-10,"Lepidochelys kempii","AL",30.32592,-88.30311,"N","Y","N",2010-09-10,37
2010-05-08,"Caretta caretta","FL",30.2442,-85.93718,"N","Y","N",2010-05-08,19
2010-05-08,"Caretta caretta","FL",30.1965,-85.84358,"N","Y","Y",2010-05-08,19
2010-05-08,"Lepidochelys kempii","FL",30.16782,-85.794,"N","Y","N",2010-05-08,19
2010-05-10,"Caretta caretta","FL",30.2148,-85.87758,"N","Y","N",2010-05-10,20
2010-05-11,"Chelonia mydas","FL",30.32588,-87.1721,"N","Y","N",2010-05-11,20
2010-05-12,"Caretta caretta","FL",29.77851,-85.40833,"N","Y","N",2010-05-12,20
2010-05-13,"Caretta caretta","FL",30.28801,-87.47814,"N","Y","N",2010-05-13,20
2010-05-14,"Caretta caretta","FL",30.2724,-86.00381,"N","Y","Y",2010-05-14,20
2010-05-14,"Lepidochelys kempii","FL",30.36423,-87.12724,"N","Y","N",2010-05-14,20
2010-05-15,"Caretta caretta","FL",30.08165,-85.62992,"N","Y","N",2010-05-15,20
2010-05-17,"Chelonia mydas","FL",30.1892,-85.83112,"N","Y","N",2010-05-17,21
2010-05-17,"Lepidochelys kempii","FL",30.3035,-87.39394,"N","Y","N",2010-05-17,21
2010-05-17,"Caretta caretta","FL",30.3549,-87.0142,"N","Y","N",2010-05-17,21
2010-05-17,"Chelonia mydas","FL",30.372,-86.3487,"N","Y","N",2010-05-17,21
2010-05-18,"Caretta caretta","FL",29.9568,-85.4738,"N","Y","N",2010-05-18,21
2010-05-18,"Caretta caretta","FL",30.02786,-85.56911,"N","Y","N",2010-05-18,21
2010-05-18,"Caretta caretta","FL",30.3398,-86.21,"N","Y","N",2010-05-18,21
2010-05-19,"Caretta caretta","FL",30.26268,-85.97958,"N","Y","N",2010-05-19,21
2010-05-19,"Lepidochelys kempii","FL",30.1425,-85.6492,"N","Y","N",2010-05-19,21
2010-05-19,"Caretta caretta","FL",30.336192,-87.11075,"N","Y","Y",2010-05-19,21
2010-05-20,"Lepidochelys kempii","FL",29.95634,-85.45734,"N","Y","N",2010-05-20,21
2010-05-20,"Caretta caretta","FL",29.90192,-85.36683,"N","Y","N",2010-05-20,21
2010-05-20,"Lepidochelys kempii","FL",30.360739,-87.140026,"N","Y","N",2010-05-20,21
2010-05-21,"Lepidochelys kempii","FL",30.29619,-87.42647,"N","Y","Y",2010-05-21,21
2010-05-24,"Caretta caretta","FL",30.14352,-85.72778,"N","Y","N",2010-05-24,22
2010-05-24,"Caretta caretta","FL",30.3759,-86.8876,"N","Y","N",2010-05-24,22
2010-05-25,"Chelonia mydas","FL",30.16385,-85.68565,"N","Y","N",2010-05-25,22
2010-05-27,"Caretta caretta","FL",30.33185,-87.3404,"N","Y","N",2010-05-27,22
2010-05-28,"Chelonia mydas","FL",30.3125,-87.4971,"N","Y","N",2010-05-28,22
2010-05-30,"Caretta caretta","FL",29.68224,-85.31182,"N","Y","N",2010-05-30,22
2010-06-01,"Lepidochelys kempii","FL",30.18415,-85.73262,"N","Y","N",2010-06-01,23
2010-06-07,"Caretta caretta","FL",29.6759,-85.21767,"N","Y","N",2010-06-07,24
2010-06-07,"Lepidochelys kempii","FL",30.17795,-85.72493,"N","Y","N",2010-06-07,24
2010-06-17,"Lepidochelys kempii","FL",29.90475,-85.36946,"N","Y","N",2010-06-17,25
2010-06-22,"Lepidochelys kempii","FL",30.39469,-86.71058,"N","Y","N",2010-06-22,26
2010-06-22,"Caretta caretta","FL",30.21607,-85.87965,"N","Y","N",2010-06-22,26
2010-06-22,"Caretta caretta","FL",30.1728,-85.75803,"N","Y","N",2010-06-22,26
2010-06-28,"Chelonia mydas","FL",30.23488,-85.90698,"N","Y","Y",2010-06-28,27
2010-06-30,"Chelonia mydas","FL",30.1297,-85.7242,"N","Y","N",2010-06-30,27
2010-07-12,"Chelonia mydas","FL",30.346239,-87.285679,"N","Y","Y",2010-07-12,29
2010-07-12,"Caretta caretta","FL",30.05625,-85.60641,"N","Y","N",2010-07-12,29
2010-07-15,"Lepidochelys kempii","FL",30.15885,-85.66962,"N","Y","N",2010-07-15,29
2010-07-18,"Chelonia mydas","FL",30.162628,-85.728664,"N","Y","N",2010-07-18,29
2010-07-24,"Lepidochelys kempii","FL",30.28481,-87.49405,"N","Y","N",2010-07-24,30
2010-07-26,"Caretta caretta","FL",29.73789,-85.39606,"N","Y","N",2010-07-26,31
2010-07-29,"Caretta caretta","FL",30.33237,-87.318175,"N","Y","Y",2010-07-29,31
2010-07-31,"Lepidochelys kempii","FL",29.87971,-85.35271,"N","Y","N",2010-07-31,31
2010-08-06,"Caretta caretta","FL",30.39678,-86.63408,"N","Y","N",2010-08-06,32
2010-08-10,"Caretta caretta","FL",30.12462,-85.70582,"N","Y","N",2010-08-10,33
2010-09-08,"Lepidochelys kempii","FL",29.60083,-84.9969,"N","Y","N",2010-09-08,37
2010-05-01,"Unknown","LA",29.17027,-90.08316,"N","Y","N",2010-05-01,18
2010-05-01,"Lepidochelys kempii","LA",29.18166,-90.06428,"N","Y","N",2010-05-01,18
2010-05-03,"Lepidochelys kempii","LA",30.13447,-89.50054,"N","Y","N",2010-05-03,19
2010-05-03,"Lepidochelys kempii","LA",29.21231,-90.02593,"N","Y","N",2010-05-03,19
2010-05-05,"Chelonia mydas","LA",29.17235,-90.07981,"N","Y","N",2010-05-05,19
2010-05-07,"Lepidochelys kempii","LA",29.76692,-93.16193,"N","Y","N",2010-05-07,19
2010-05-07,"Lepidochelys kempii","LA",29.76879,-93.17164,"N","Y","N",2010-05-07,19
2010-05-07,"Lepidochelys kempii","LA",29.76972,-93.17667,"N","Y","N",2010-05-07,19
2010-05-07,"Lepidochelys kempii","LA",29.77171,-93.18671,"N","Y","N",2010-05-07,19
2010-05-07,"Lepidochelys kempii","LA",29.7732,-93.19467,"N","Y","N",2010-05-07,19
2010-05-07,"Lepidochelys kempii","LA",29.77341,-93.19683,"N","Y","N",2010-05-07,19
2010-05-07,"Caretta caretta","LA",29.77354,-93.19756,"N","Y","N",2010-05-07,19
2010-05-07,"Lepidochelys kempii","LA",29.77576,-93.21589,"N","Y","N",2010-05-07,19
2010-05-07,"Lepidochelys kempii","LA",29.77738,-93.2461,"N","Y","N",2010-05-07,19
2010-05-07,"Lepidochelys kempii","LA",29.77728,-93.25497,"N","Y","N",2010-05-07,19
2010-05-07,"Lepidochelys kempii","LA",29.77728,-93.25497,"N","Y","N",2010-05-07,19
2010-05-07,"Lepidochelys kempii","LA",29.76578,-93.15643,"N","Y","N",2010-05-07,19
2010-05-07,"Lepidochelys kempii","LA",29.76119,-93.13665,"N","Y","N",2010-05-07,19
2010-05-07,"Lepidochelys kempii","LA",29.75513,-93.11017,"N","Y","N",2010-05-07,19
2010-05-07,"Caretta caretta","LA",30.1588,-89.6505,"N","Y","N",2010-05-07,19
2010-05-10,"Unknown","LA",29.18184,-90.06364,"N","Y","N",2010-05-10,20
2010-05-10,"Unknown","LA",29.20786,-90.03112,"N","Y","N",2010-05-10,20
2010-05-10,"Lepidochelys kempii","LA",29.76897,-93.4392,"N","Y","N",2010-05-10,20
2010-05-10,"Lepidochelys kempii","LA",29.76879,-93.43438,"N","Y","N",2010-05-10,20
2010-05-10,"Lepidochelys kempii","LA",29.76922,-93.45638,"N","Y","N",2010-05-10,20
2010-05-10,"Lepidochelys kempii","LA",29.76897,-93.48772,"N","Y","N",2010-05-10,20
2010-05-10,"Lepidochelys kempii","LA",29.76771,-93.50714,"N","Y","N",2010-05-10,20
2010-05-10,"Lepidochelys kempii","LA",29.76031,-93.56936,"N","Y","N",2010-05-10,20
2010-05-11,"Lepidochelys kempii","LA",29.11988,-90.16253,"N","Y","N",2010-05-11,20
2010-05-11,"Lepidochelys kempii","LA",29.16567,-90.09297,"N","Y","N",2010-05-11,20
2010-05-12,"Lepidochelys kempii","LA",29.74595,-93.68512,"N","Y","N",2010-05-12,20
2010-05-12,"Lepidochelys kempii","LA",29.74582,-93.68592,"N","Y","N",2010-05-12,20
2010-05-12,"Lepidochelys kempii","LA",29.7423,-93.70653,"N","Y","Y",2010-05-12,20
2010-05-12,"Lepidochelys kempii","LA",29.20917,-90.02917,"N","Y","N",2010-05-12,20
2010-05-13,"Lepidochelys kempii","LA",29.209166,-90.029166,"N","Y","N",2010-05-13,20
2010-05-13,"Lepidochelys kempii","LA",29.28435,-89.92149,"N","Y","N",2010-05-13,20
2010-05-13,"Unknown","LA",29.74232,-93.7065,"N","Y","N",2010-05-13,20
2010-05-13,"Lepidochelys kempii","LA",29.76391,-93.36438,"N","Y","N",2010-05-13,20
2010-05-14,"Lepidochelys kempii","LA",29.7424,-93.7062,"N","Y","Y",2010-05-14,20
2010-05-16,"Lepidochelys kempii","LA",29.7534,-93.6293,"N","Y","N",2010-05-16,20
2010-05-16,"Lepidochelys kempii","LA",29.7509,-93.6492,"N","Y","N",2010-05-16,20
2010-05-16,"Lepidochelys kempii","LA",29.7396,-93.7208,"N","Y","N",2010-05-16,20
2010-05-16,"Lepidochelys kempii","LA",29.7605,-93.5674,"N","Y","N",2010-05-16,20
2010-05-16,"Caretta caretta","LA",29.7683,-93.5018,"N","Y","N",2010-05-16,20
2010-05-16,"Lepidochelys kempii","LA",29.7689,-93.441,"N","Y","N",2010-05-16,20
2010-05-16,"Lepidochelys kempii","LA",29.7555,-93.1114,"N","Y","N",2010-05-16,20
2010-05-16,"Lepidochelys kempii","LA",29.7513,-93.0941,"N","Y","N",2010-05-16,20
2010-05-16,"Lepidochelys kempii","LA",29.7498,-93.0873,"N","Y","N",2010-05-16,20
2010-05-17,"Lepidochelys kempii","LA",29.24544,-89.99017,"N","Y","N",2010-05-17,21
2010-05-17,"Lepidochelys kempii","LA",30.205,-90.11194,"N","Y","N",2010-05-17,21
2010-05-18,"Lepidochelys kempii","LA",29.09,-90.21566,"N","Y","N",2010-05-18,21
2010-05-19,"Lepidochelys kempii","LA",29.29201,-90.59606,"N","Y","N",2010-05-19,21
2010-05-20,"Unknown","LA",30.0038,-89.2063,"N","Y","N",2010-05-20,21
2010-05-22,"Lepidochelys kempii","LA",29.25062,-89.95774,"N","Y","N",2010-05-22,21
2010-05-22,"Lepidochelys kempii","LA",29.25412,-89.60345,"N","Y","N",2010-05-22,21
2010-05-24,"Lepidochelys kempii","LA",29.27883,-90.60933,"N","Y","N",2010-05-24,22
2010-05-24,"Lepidochelys kempii","LA",29.34171,-90.45657,"N","Y","N",2010-05-24,22
2010-05-25,"Lepidochelys kempii","LA",29.2386,-89.53792,"N","Y","N",2010-05-25,22
2010-05-25,"Lepidochelys kempii","LA",29.2569,-89.95292,"N","Y","N",2010-05-25,22
2010-05-25,"Unknown","LA",29.30522,-89.9575,"N","Y","N",2010-05-25,22
2010-05-26,"Lepidochelys kempii","LA",29.32386,-90.45065,"N","Y","N",2010-05-26,22
2010-05-26,"Lepidochelys kempii","LA",29.32143,-90.45219,"N","Y","N",2010-05-26,22
2010-05-26,"Lepidochelys kempii","LA",29.30844,-90.46661,"N","Y","N",2010-05-26,22
2010-05-27,"Lepidochelys kempii","LA",29.21192,-90.02592,"N","Y","N",2010-05-27,22
2010-05-28,"Lepidochelys kempii","LA",28.4375,-89.8958,"N","Y","Y",2010-05-28,22
2010-05-31,"Lepidochelys kempii","LA",28.9932,-89.8412,"N","Y","Y",2010-05-31,23
2010-06-07,"Lepidochelys kempii","LA",29.30722,-89.90078,"N","Y","N",2010-06-07,24
2010-06-08,"Lepidochelys kempii","LA",29.25987,-89.99575,"N","Y","N",2010-06-08,24
2010-06-09,"Lepidochelys kempii","LA",29.43308,-89.88585,"N","Y","N",2010-06-09,24
2010-06-10,"Unknown","LA",29.10932,-90.1799,"N","Y","N",2010-06-10,24
2010-06-13,"Lepidochelys kempii","LA",29.13323,-90.14178,"N","Y","N",2010-06-13,24
2010-06-14,"Lepidochelys kempii","LA",30.22408,-89.83395,"N","Y","N",2010-06-14,25
2010-06-17,"Caretta caretta","LA",29.0394,-90.91158,"N","Y","N",2010-06-17,25
2010-06-17,"Chelonia mydas","LA",29.16667,-90.5,"N","Y","N",2010-06-17,25
2010-06-18,"Chelonia mydas","LA",29.15441,-90.23783,"N","Y","N",2010-06-18,25
2010-06-18,"Lepidochelys kempii","LA",29.15575,-90.49995,"N","Y","N",2010-06-18,25
2010-06-19,"Lepidochelys kempii","LA",30.0898,-89.6424,"N","Y","N",2010-06-19,25
2010-06-21,"Caretta caretta","LA",29.13705,-90.61867,"N","Y","N",2010-06-21,26
2010-06-24,"Lepidochelys kempii","LA",29.22462,-90.66272,"N","Y","N",2010-06-24,26
2010-06-25,"Chelonia mydas","LA",29.09139,-90.22365,"N","Y","N",2010-06-25,26
2010-06-26,"Lepidochelys kempii","LA",29.06263,-90.94988,"N","Y","N",2010-06-26,26
2010-06-26,"Lepidochelys kempii","LA",29.0624,-90.94663,"N","Y","N",2010-06-26,26
2010-06-27,"Lepidochelys kempii","LA",29.01988,-90.11865,"N","Y","Y",2010-06-27,26
2010-06-27,"Lepidochelys kempii","LA",29.19899,-90.04115,"N","Y","N",2010-06-27,26
2010-06-27,"Chelonia mydas","LA",29.22781,-90.00005,"N","Y","N",2010-06-27,26
2010-07-04,"Lepidochelys kempii","LA",30.15705,-89.6381,"N","Y","Y",2010-07-04,27
2010-07-04,"Lepidochelys kempii","LA",29.09935,-90.26038,"N","Y","N",2010-07-04,27
2010-07-10,"Lepidochelys kempii","LA",29.46985,-89.91005,"N","Y","N",2010-07-10,28
2010-07-12,"Lepidochelys kempii","LA",29.46278,-89.95111,"N","Y","Y",2010-07-12,29
2010-07-17,"Lepidochelys kempii","LA",29.75189,-93.64085,"N","Y","N",2010-07-17,29
2010-07-20,"Chelonia mydas","LA",29.10122,-90.19025,"N","Y","N",2010-07-20,30
2010-07-29,"Lepidochelys kempii","LA",29.76925,-93.457733,"N","Y","N",2010-07-29,31
2010-07-31,"Lepidochelys kempii","LA",29.83703,-89.64799,"N","Y","N",2010-07-31,31
2010-08-01,"Lepidochelys kempii","LA",29.115,-90.21,"N","Y","N",2010-08-01,31
2010-08-11,"Lepidochelys kempii","LA",29.76117,-93.13589,"N","Y","N",2010-08-11,33
2010-08-18,"Chelonia mydas","LA",29.13247,-90.14288,"N","Y","N",2010-08-18,34
2010-08-20,"Lepidochelys kempii","LA",29.74752,-91.86954,"N","Y","N",2010-08-20,34
2010-08-20,"Lepidochelys kempii","LA",29.10048,-90.1919,"N","Y","N",2010-08-20,34
2010-08-23,"Lepidochelys kempii","LA",29.15677,-90.64207,"N","Y","N",2010-08-23,35
2010-08-23,"Lepidochelys kempii","LA",29.16,-90.64,"N","Y","N",2010-08-23,35
2010-08-24,"Caretta caretta","LA",29.19,-90.35333,"N","Y","N",2010-08-24,35
2010-08-24,"Unknown","LA",29.22363,-90.55563,"N","Y","N",2010-08-24,35
2010-08-24,"Unknown","LA",29.11822,-90.63955,"N","Y","N",2010-08-24,35
2010-08-26,"Unknown","LA",29.22496,-90.56473,"N","Y","N",2010-08-26,35
2010-08-29,"Caretta caretta","LA",29.22043,-90.01305,"N","Y","N",2010-08-29,35
2010-09-05,"Caretta caretta","LA",29.22933,-90.47467,"N","Y","N",2010-09-05,36
2010-09-05,"Caretta caretta","LA",29.25102,-90.32436,"N","Y","N",2010-09-05,36
2010-09-03,"Lepidochelys kempii","LA",29.75261,-93.63581,"N","Y","N",2010-09-03,36
2010-09-05,"Lepidochelys kempii","LA",29.76706,-93.5126,"N","Y","N",2010-09-05,36
2010-09-08,"Lepidochelys kempii","LA",29.18889,-90.66667,"N","Y","N",2010-09-08,37
2010-09-09,"Lepidochelys kempii","LA",29.15056,-90.2805,"N","Y","N",2010-09-09,37
2010-09-10,"Unknown","LA",29.17544,-89.34372,"N","Y","N",2010-09-10,37
2010-09-10,"Caretta caretta","LA",29.763028,-93.342164,"N","Y","N",2010-09-10,37
2010-04-26,"Lepidochelys kempii","MS",30.3088,-89.3259,"N","Y","N",2010-04-26,18
2010-04-30,"Lepidochelys kempii","MS",30.2941,-89.3432,"N","Y","N",2010-04-30,18
2010-04-30,"Lepidochelys kempii","MS",30.2641,-89.392,"N","Y","N",2010-04-30,18
2010-04-30,"Lepidochelys kempii","MS",30.2726,-89.3775,"N","Y","N",2010-04-30,18
2010-04-30,"Lepidochelys kempii","MS",30.2736,-89.3764,"N","Y","N",2010-04-30,18
2010-04-30,"Lepidochelys kempii","MS",30.3478,-89.139,"N","Y","Y",2010-04-30,18
2010-05-01,"Lepidochelys kempii","MS",30.31481,-89.24207,"N","Y","N",2010-05-01,18
2010-05-01,"Lepidochelys kempii","MS",30.31071,-89.25556,"N","Y","N",2010-05-01,18
2010-05-01,"Lepidochelys kempii","MS",30.3146,-89.24252,"N","Y","N",2010-05-01,18
2010-05-01,"Lepidochelys kempii","MS",30.3108,-89.25728,"N","Y","N",2010-05-01,18
2010-05-01,"Lepidochelys kempii","MS",30.31295,-89.24477,"N","Y","N",2010-05-01,18
2010-05-01,"Lepidochelys kempii","MS",30.31082,-89.25535,"N","Y","N",2010-05-01,18
2010-05-01,"Lepidochelys kempii","MS",30.4098,-88.8408,"N","Y","N",2010-05-01,18
2010-05-02,"Lepidochelys kempii","MS",30.319,-89.3223,"N","Y","N",2010-05-02,18
2010-05-02,"Lepidochelys kempii","MS",30.2883,-89.36,"N","Y","N",2010-05-02,18
2010-05-02,"Lepidochelys kempii","MS",30.2868,-89.3626,"N","Y","N",2010-05-02,18
2010-05-02,"Lepidochelys kempii","MS",30.3065,-89.26858,"N","Y","N",2010-05-02,18
2010-05-02,"Lepidochelys kempii","MS",30.30725,-89.26653,"N","Y","N",2010-05-02,18
2010-05-02,"Lepidochelys kempii","MS",30.30562,-89.32865,"N","Y","N",2010-05-02,18
2010-05-02,"Lepidochelys kempii","MS",30.32834,-89.19923,"N","Y","N",2010-05-02,18
2010-05-02,"Lepidochelys kempii","MS",30.30529,-89.27249,"N","Y","N",2010-05-02,18
2010-05-02,"Lepidochelys kempii","MS",30.3262,-89.20892,"N","Y","N",2010-05-02,18
2010-05-02,"Lepidochelys kempii","MS",30.3246,-89.2145,"N","Y","N",2010-05-02,18
2010-05-02,"Lepidochelys kempii","MS",30.39289,-88.94716,"N","Y","N",2010-05-02,18
2010-05-02,"Lepidochelys kempii","MS",30.28865,-89.3529,"N","Y","N",2010-05-02,18
2010-05-02,"Lepidochelys kempii","MS",30.32824,-89.19985,"N","Y","N",2010-05-02,18
2010-05-02,"Lepidochelys kempii","MS",30.33144,-89.18568,"N","Y","N",2010-05-02,18
2010-05-03,"Lepidochelys kempii","MS",30.32144,-89.22351,"N","Y","N",2010-05-03,19
2010-05-03,"Lepidochelys kempii","MS",30.3075,-89.26659,"N","Y","N",2010-05-03,19
2010-05-03,"Lepidochelys kempii","MS",30.31558,-89.29004,"N","Y","N",2010-05-03,19
2010-05-03,"Lepidochelys kempii","MS",30.30525,-89.27421,"N","Y","N",2010-05-03,19
2010-05-03,"Lepidochelys kempii","MS",30.30989,-89.25963,"N","Y","N",2010-05-03,19
2010-05-03,"Lepidochelys kempii","MS",30.26362,-89.39346,"N","Y","N",2010-05-03,19
2010-05-03,"Lepidochelys kempii","MS",30.2867,-89.36321,"N","Y","N",2010-05-03,19
2010-05-03,"Lepidochelys kempii","MS",30.35567,-89.11807,"N","Y","N",2010-05-03,19
2010-05-04,"Lepidochelys kempii","MS",30.2412,-89.4247,"N","Y","N",2010-05-04,19
2010-05-04,"Lepidochelys kempii","MS",30.36948,-89.07825,"N","Y","N",2010-05-04,19
2010-05-04,"Lepidochelys kempii","MS",30.39169,-88.95027,"N","Y","N",2010-05-04,19
2010-05-04,"Lepidochelys kempii","MS",30.39271,-88.87608,"N","Y","N",2010-05-04,19
2010-05-05,"Lepidochelys kempii","MS",30.27834,-89.37222,"N","Y","N",2010-05-05,19
2010-05-05,"Lepidochelys kempii","MS",30.37689,-89.04778,"N","Y","N",2010-05-05,19
2010-05-06,"Lepidochelys kempii","MS",30.27006,-89.38032,"N","Y","N",2010-05-06,19
2010-05-06,"Lepidochelys kempii","MS",30.30022,-89.33346,"N","Y","N",2010-05-06,19
2010-05-06,"Lepidochelys kempii","MS",30.32762,-89.20251,"N","Y","N",2010-05-06,19
2010-05-06,"Lepidochelys kempii","MS",30.2508,-88.9412,"N","Y","N",2010-05-06,19
2010-05-07,"Lepidochelys kempii","MS",30.25685,-89.41499,"N","Y","N",2010-05-07,19
2010-05-07,"Lepidochelys kempii","MS",30.26483,-89.3904,"N","Y","N",2010-05-07,19
2010-05-07,"Lepidochelys kempii","MS",30.26471,-89.3907,"N","Y","N",2010-05-07,19
2010-05-07,"Lepidochelys kempii","MS",30.3032,-89.2957,"N","Y","N",2010-05-07,19
2010-05-07,"Lepidochelys kempii","MS",30.28749,-89.36136,"N","Y","N",2010-05-07,19
2010-05-07,"Lepidochelys kempii","MS",30.2879,-89.36065,"N","Y","N",2010-05-07,19
2010-05-07,"Lepidochelys kempii","MS",30.36129,-89.10089,"N","Y","N",2010-05-07,19
2010-05-08,"Lepidochelys kempii","MS",30.33749,-89.16818,"N","Y","N",2010-05-08,19
2010-05-08,"Lepidochelys kempii","MS",30.32775,-89.20048,"N","Y","N",2010-05-08,19
2010-05-08,"Lepidochelys kempii","MS",30.31166,-89.25018,"N","Y","N",2010-05-08,19
2010-05-08,"Lepidochelys kempii","MS",30.30335,-89.28335,"N","Y","N",2010-05-08,19
2010-05-08,"Lepidochelys kempii","MS",30.28267,-89.36761,"N","Y","N",2010-05-08,19
2010-05-08,"Lepidochelys kempii","MS",30.39147,-88.95452,"N","Y","N",2010-05-08,19
2010-05-08,"Lepidochelys kempii","MS",30.39385,-88.91407,"N","Y","N",2010-05-08,19
2010-05-08,"Caretta caretta","MS",30.22831,-88.64799,"N","Y","N",2010-05-08,19
2010-05-09,"Lepidochelys kempii","MS",30.313,-89.2483,"N","Y","N",2010-05-09,19
2010-05-09,"Lepidochelys kempii","MS",30.3119,-89.2905,"N","Y","N",2010-05-09,19
2010-05-09,"Lepidochelys kempii","MS",30.3825,-89.0228,"N","Y","N",2010-05-09,19
2010-05-09,"Lepidochelys kempii","MS",30.3815,-89.0261,"N","Y","N",2010-05-09,19
2010-05-10,"Lepidochelys kempii","MS",30.3896,-88.8419,"N","Y","N",2010-05-10,20
2010-05-10,"Lepidochelys kempii","MS",30.2941,-89.3591,"N","Y","N",2010-05-10,20
2010-05-11,"Caretta caretta","MS",30.3232,-89.2184,"N","Y","N",2010-05-11,20
2010-05-12,"Lepidochelys kempii","MS",30.35582,-89.11698,"N","Y","N",2010-05-12,20
2010-05-12,"Lepidochelys kempii","MS",30.33215,-89.18207,"N","Y","N",2010-05-12,20
2010-05-12,"Lepidochelys kempii","MS",30.25117,-89.42138,"N","Y","N",2010-05-12,20
2010-05-12,"Lepidochelys kempii","MS",30.29545,-89.3408,"N","Y","N",2010-05-12,20
2010-05-12,"Lepidochelys kempii","MS",30.26715,-89.38553,"N","Y","N",2010-05-12,20
2010-05-13,"Lepidochelys kempii","MS",30.3098,-89.32553,"N","Y","N",2010-05-13,20
2010-05-13,"Caretta caretta","MS",30.2115,-88.9848,"N","Y","N",2010-05-13,20
2010-05-14,"Lepidochelys kempii","MS",30.28248,-89.36733,"N","Y","N",2010-05-14,20
2010-05-14,"Lepidochelys kempii","MS",30.31406,-89.24347,"N","Y","N",2010-05-14,20
2010-05-14,"Lepidochelys kempii","MS",30.37421,-89.04382,"N","Y","Y",2010-05-14,20
2010-05-15,"Lepidochelys kempii","MS",30.30883,-89.32583,"N","Y","N",2010-05-15,20
2010-05-15,"Lepidochelys kempii","MS",30.27683,-89.37367,"N","Y","N",2010-05-15,20
2010-05-15,"Lepidochelys kempii","MS",30.28064,-89.36495,"N","Y","Y",2010-05-15,20
2010-05-15,"Lepidochelys kempii","MS",30.28127,-89.36557,"N","Y","Y",2010-05-15,20
2010-05-15,"Lepidochelys kempii","MS",30.3433,-88.555,"N","Y","N",2010-05-15,20
2010-05-16,"Lepidochelys kempii","MS",30.27234,-89.37753,"N","Y","N",2010-05-16,20
2010-05-18,"Unknown","MS",30.2207,-88.5933,"N","Y","N",2010-05-18,21
2010-05-18,"Caretta caretta","MS",30.2283,-89.0733,"N","Y","N",2010-05-18,21
2010-05-18,"Lepidochelys kempii","MS",30.31352,-89.24396,"N","Y","N",2010-05-18,21
2010-05-19,"Lepidochelys kempii","MS",30.3433,-88.7033,"N","Y","N",2010-05-19,21
2010-05-19,"Lepidochelys kempii","MS",30.3877,-88.8589,"N","Y","N",2010-05-19,21
2010-05-20,"Lepidochelys kempii","MS",30.28063,-89.36495,"N","Y","Y",2010-05-20,21
2010-05-20,"Lepidochelys kempii","MS",30.4098,-88.86906,"N","Y","N",2010-05-20,21
2010-05-20,"Lepidochelys kempii","MS",30.4098,-88.86906,"N","Y","N",2010-05-20,21
2010-05-21,"Caretta caretta","MS",30.2398,-88.7687,"N","Y","N",2010-05-21,21
2010-05-21,"Lepidochelys kempii","MS",30.28655,-89.3633,"N","Y","N",2010-05-21,21
2010-05-21,"Lepidochelys kempii","MS",30.30725,-89.2666,"N","Y","N",2010-05-21,21
2010-05-22,"Lepidochelys kempii","MS",30.28063,-89.36495,"N","Y","Y",2010-05-22,21
2010-05-24,"Lepidochelys kempii","MS",30.33743,-89.16837,"N","Y","N",2010-05-24,22
2010-05-24,"Lepidochelys kempii","MS",30.39154,-88.956,"N","Y","N",2010-05-24,22
2010-05-26,"Lepidochelys kempii","MS",30.22307,-88.62952,"N","Y","N",2010-05-26,22
2010-05-26,"Lepidochelys kempii","MS",30.3588,-88.473,"N","Y","N",2010-05-26,22
2010-05-26,"Lepidochelys kempii","MS",30.40079,-88.85896,"N","Y","N",2010-05-26,22
2010-05-27,"Lepidochelys kempii","MS",30.40397,-88.83031,"N","Y","Y",2010-05-27,22
2010-05-27,"Lepidochelys kempii","MS",30.28063,-89.36495,"N","Y","Y",2010-05-27,22
2010-05-27,"Lepidochelys kempii","MS",30.40397,-88.83031,"N","Y","Y",2010-05-27,22
2010-05-28,"Lepidochelys kempii","MS",30.3959,-88.8583,"N","Y","N",2010-05-28,22
2010-05-28,"Lepidochelys kempii","MS",30.40397,-88.83031,"N","Y","Y",2010-05-28,22
2010-06-03,"Lepidochelys kempii","MS",30.4075,-88.8354,"N","Y","N",2010-06-03,23
2010-06-04,"Lepidochelys kempii","MS",30.35487,-89.12191,"N","Y","N",2010-06-04,23
2010-06-05,"Lepidochelys kempii","MS",30.26605,-89.38722,"N","Y","N",2010-06-05,23
2010-06-05,"Lepidochelys kempii","MS",30.34084,-89.15894,"N","Y","N",2010-06-05,23
2010-06-05,"Lepidochelys kempii","MS",30.39268,-88.88209,"N","Y","N",2010-06-05,23
2010-06-06,"Lepidochelys kempii","MS",30.3457,-88.7408,"N","Y","N",2010-06-06,23
2010-06-06,"Lepidochelys kempii","MS",30.39158,-88.94994,"N","Y","N",2010-06-06,23
2010-06-06,"Lepidochelys kempii","MS",30.39184,-88.94596,"N","Y","N",2010-06-06,23
2010-06-06,"Lepidochelys kempii","MS",30.39183,-88.94596,"N","Y","N",2010-06-06,23
2010-06-06,"Lepidochelys kempii","MS",30.39184,-88.94576,"N","Y","N",2010-06-06,23
2010-06-06,"Lepidochelys kempii","MS",30.39262,-88.93246,"N","Y","N",2010-06-06,23
2010-06-06,"Lepidochelys kempii","MS",30.3932,-88.90645,"N","Y","N",2010-06-06,23
2010-06-06,"Lepidochelys kempii","MS",30.39353,-88.9231,"N","Y","N",2010-06-06,23
2010-06-06,"Lepidochelys kempii","MS",30.39382,-88.91889,"N","Y","N",2010-06-06,23
2010-06-06,"Lepidochelys kempii","MS",30.39375,-88.92016,"N","Y","N",2010-06-06,23
2010-06-06,"Lepidochelys kempii","MS",30.39108,-88.96432,"N","Y","N",2010-06-06,23
2010-06-06,"Lepidochelys kempii","MS",30.38968,-88.9785,"N","Y","N",2010-06-06,23
2010-06-07,"Lepidochelys kempii","MS",30.34316,-88.7295,"N","Y","N",2010-06-07,24
2010-06-07,"Lepidochelys kempii","MS",30.3597,-89.10686,"N","Y","N",2010-06-07,24
2010-06-07,"Lepidochelys kempii","MS",30.3938,-88.912,"N","Y","N",2010-06-07,24
2010-06-08,"Lepidochelys kempii","MS",30.37834,-89.04083,"N","Y","N",2010-06-08,24
2010-06-08,"Lepidochelys kempii","MS",30.38538,-89.01003,"N","Y","N",2010-06-08,24
2010-06-09,"Lepidochelys kempii","MS",30.37825,-89.04118,"N","Y","N",2010-06-09,24
2010-06-09,"Lepidochelys kempii","MS",30.3844,-89.01535,"N","Y","N",2010-06-09,24
2010-06-09,"Lepidochelys kempii","MS",30.38942,-88.98023,"N","Y","N",2010-06-09,24
2010-06-09,"Lepidochelys kempii","MS",30.39028,-88.97433,"N","Y","N",2010-06-09,24
2010-06-09,"Lepidochelys kempii","MS",30.39357,-88.89623,"N","Y","N",2010-06-09,24
2010-06-10,"Lepidochelys kempii","MS",30.3831,-89.0192,"N","Y","N",2010-06-10,24
2010-06-10,"Lepidochelys kempii","MS",30.3914,-89.0069,"N","Y","N",2010-06-10,24
2010-06-10,"Lepidochelys kempii","MS",30.39,-88.9756,"N","Y","N",2010-06-10,24
2010-06-10,"Lepidochelys kempii","MS",30.3875,-88.9942,"N","Y","N",2010-06-10,24
2010-06-10,"Lepidochelys kempii","MS",30.3889,-88.9847,"N","Y","N",2010-06-10,24
2010-06-10,"Lepidochelys kempii","MS",30.37058,-89.0742,"N","Y","N",2010-06-10,24
2010-06-10,"Lepidochelys kempii","MS",30.3706,-89.07417,"N","Y","N",2010-06-10,24
2010-06-10,"Lepidochelys kempii","MS",30.37131,-89.07161,"N","Y","N",2010-06-10,24
2010-06-10,"Lepidochelys kempii","MS",30.37158,-89.07066,"N","Y","N",2010-06-10,24
2010-06-10,"Lepidochelys kempii","MS",30.3768,-89.07045,"N","Y","N",2010-06-10,24
2010-06-10,"Lepidochelys kempii","MS",30.37262,-89.06721,"N","Y","N",2010-06-10,24
2010-06-10,"Lepidochelys kempii","MS",30.38075,-89.02951,"N","Y","N",2010-06-10,24
2010-06-10,"Lepidochelys kempii","MS",30.38097,-89.02944,"N","Y","N",2010-06-10,24
2010-06-10,"Lepidochelys kempii","MS",30.38048,-89.03049,"N","Y","N",2010-06-10,24
2010-06-10,"Lepidochelys kempii","MS",30.38016,-89.03156,"N","Y","N",2010-06-10,24
2010-06-10,"Lepidochelys kempii","MS",30.3799,-89.03266,"N","Y","N",2010-06-10,24
2010-06-10,"Lepidochelys kempii","MS",30.38032,-89.03104,"N","Y","N",2010-06-10,24
2010-06-10,"Lepidochelys kempii","MS",30.37746,-89.0433,"N","Y","N",2010-06-10,24
2010-06-10,"Lepidochelys kempii","MS",30.37819,-89.0416,"N","Y","N",2010-06-10,24
2010-06-11,"Lepidochelys kempii","MS",30.2806,-89.3449,"N","Y","Y",2010-06-11,24
2010-06-11,"Lepidochelys kempii","MS",30.39277,-88.9312,"N","Y","Y",2010-06-11,24
2010-06-11,"Lepidochelys kempii","MS",30.37819,-89.0416,"N","Y","N",2010-06-11,24
2010-06-11,"Lepidochelys kempii","MS",30.37819,-89.0416,"N","Y","N",2010-06-11,24
2010-06-11,"Lepidochelys kempii","MS",30.37843,-89.0413,"N","Y","N",2010-06-11,24
2010-06-11,"Lepidochelys kempii","MS",30.37837,-89.04101,"N","Y","N",2010-06-11,24
2010-06-11,"Lepidochelys kempii","MS",30.37457,-89.0563,"N","Y","N",2010-06-11,24
2010-06-11,"Lepidochelys kempii","MS",30.37456,-89.05634,"N","Y","N",2010-06-11,24
2010-06-11,"Lepidochelys kempii","MS",30.3887,-88.98878,"N","Y","N",2010-06-11,24
2010-06-11,"Lepidochelys kempii","MS",30.38877,-88.98797,"N","Y","N",2010-06-11,24
2010-06-11,"Lepidochelys kempii","MS",30.38877,-88.98797,"N","Y","N",2010-06-11,24
2010-06-11,"Lepidochelys kempii","MS",30.38886,-88.9741,"N","Y","N",2010-06-11,24
2010-06-11,"Lepidochelys kempii","MS",30.38886,-88.98734,"N","Y","N",2010-06-11,24
2010-06-11,"Lepidochelys kempii","MS",30.32762,-89.20251,"N","Y","N",2010-06-11,24
2010-06-11,"Lepidochelys kempii","MS",30.38188,-89.02495,"N","Y","N",2010-06-11,24
2010-06-11,"Lepidochelys kempii","MS",30.38393,-89.01701,"N","Y","N",2010-06-11,24
2010-06-11,"Lepidochelys kempii","MS",30.38583,-89.00827,"N","Y","N",2010-06-11,24
2010-06-11,"Lepidochelys kempii","MS",30.39357,-88.89818,"N","Y","N",2010-06-11,24
2010-06-12,"Lepidochelys kempii","MS",30.39182,-88.94774,"N","Y","N",2010-06-12,24
2010-06-12,"Lepidochelys kempii","MS",30.39328,-88.92583,"N","Y","N",2010-06-12,24
2010-06-12,"Lepidochelys kempii","MS",30.37561,-89.09052,"N","Y","N",2010-06-12,24
2010-06-12,"Lepidochelys kempii","MS",30.37571,-89.05148,"N","Y","N",2010-06-12,24
2010-06-12,"Lepidochelys kempii","MS",30.38738,-89,"N","Y","N",2010-06-12,24
2010-06-12,"Lepidochelys kempii","MS",30.38746,-88.99895,"N","Y","N",2010-06-12,24
2010-06-12,"Lepidochelys kempii","MS",30.2333,-88.53093,"N","Y","N",2010-06-12,24
2010-06-12,"Caretta caretta","MS",30.32007,-89.17917,"N","Y","N",2010-06-12,24
2010-06-12,"Lepidochelys kempii","MS",30.2806,-89.3449,"N","Y","Y",2010-06-12,24
2010-06-13,"Lepidochelys kempii","MS",30.39383,-88.91076,"N","Y","N",2010-06-13,24
2010-06-13,"Lepidochelys kempii","MS",30.39167,-88.89817,"N","Y","N",2010-06-13,24
2010-06-13,"Lepidochelys kempii","MS",30.39383,-88.91895,"N","Y","N",2010-06-13,24
2010-06-13,"Lepidochelys kempii","MS",30.37125,-89.07175,"N","Y","N",2010-06-13,24
2010-06-13,"Lepidochelys kempii","MS",30.26278,-88.89885,"N","Y","N",2010-06-13,24
2010-06-13,"Lepidochelys kempii","MS",30.2806,-89.3449,"N","Y","Y",2010-06-13,24
2010-06-13,"Lepidochelys kempii","MS",30.2806,-89.3449,"N","Y","Y",2010-06-13,24
2010-06-13,"Lepidochelys kempii","MS",30.2806,-89.3449,"N","Y","Y",2010-06-13,24
2010-06-13,"Lepidochelys kempii","MS",30.28063,-89.36495,"N","Y","Y",2010-06-13,24
2010-06-14,"Lepidochelys kempii","MS",30.38722,-89.00137,"N","Y","N",2010-06-14,25
2010-06-15,"Lepidochelys kempii","MS",30.3603,-88.7642,"N","Y","N",2010-06-15,25
2010-06-16,"Lepidochelys kempii","MS",30.369965,-88.779549,"N","Y","N",2010-06-16,25
2010-06-16,"Lepidochelys kempii","MS",30.392,-88.87,"N","Y","N",2010-06-16,25
2010-06-16,"Lepidochelys kempii","MS",30.35226,-89.12932,"N","Y","N",2010-06-16,25
2010-06-16,"Lepidochelys kempii","MS",30.3437,-89.1498,"N","Y","N",2010-06-16,25
2010-06-16,"Lepidochelys kempii","MS",30.3397,-89.16189,"N","Y","N",2010-06-16,25
2010-06-17,"Lepidochelys kempii","MS",30.28063,-89.36495,"N","Y","Y",2010-06-17,25
2010-06-17,"Lepidochelys kempii","MS",30.28063,-89.36495,"N","Y","Y",2010-06-17,25
2010-06-17,"Lepidochelys kempii","MS",30.28063,-89.36495,"N","Y","Y",2010-06-17,25
2010-06-17,"Lepidochelys kempii","MS",30.24575,-89.43206,"N","Y","N",2010-06-17,25
2010-06-17,"Lepidochelys kempii","MS",30.32465,-89.2142,"N","Y","N",2010-06-17,25
2010-06-17,"Lepidochelys kempii","MS",30.33843,-89.16594,"N","Y","N",2010-06-17,25
2010-06-18,"Lepidochelys kempii","MS",30.34897,-89.13697,"N","Y","N",2010-06-18,25
2010-06-18,"Lepidochelys kempii","MS",30.22236,-88.94848,"N","Y","N",2010-06-18,25
2010-06-18,"Lepidochelys kempii","MS",30.2596,-89.037,"N","Y","N",2010-06-18,25
2010-06-18,"Lepidochelys kempii","MS",30.2211,-89.0336,"N","Y","N",2010-06-18,25
2010-06-19,"Lepidochelys kempii","MS",30.368,-88.958,"N","Y","Y",2010-06-19,25
2010-06-19,"Lepidochelys kempii","MS",30.21851,-88.48135,"N","Y","N",2010-06-19,25
2010-06-19,"Lepidochelys kempii","MS",30.19418,-88.52193,"N","Y","N",2010-06-19,25
2010-06-19,"Lepidochelys kempii","MS",30.16057,-88.44111,"N","Y","N",2010-06-19,25
2010-06-19,"Lepidochelys kempii","MS",30.1523,-89.0633,"N","Y","N",2010-06-19,25
2010-06-20,"Lepidochelys kempii","MS",30.28063,-89.36495,"N","Y","Y",2010-06-20,25
2010-06-20,"Lepidochelys kempii","MS",30.28063,-89.36495,"N","Y","Y",2010-06-20,25
2010-06-20,"Lepidochelys kempii","MS",30.28063,-89.36495,"N","Y","Y",2010-06-20,25
2010-06-21,"Lepidochelys kempii","MS",30.3505,-88.9066,"N","Y","N",2010-06-21,26
2010-06-21,"Lepidochelys kempii","MS",30.389,-88.8865,"N","Y","N",2010-06-21,26
2010-06-21,"Lepidochelys kempii","MS",30.3531,-88.937,"N","Y","N",2010-06-21,26
2010-06-21,"Lepidochelys kempii","MS",30.3379,-88.9542,"N","Y","N",2010-06-21,26
2010-06-21,"Lepidochelys kempii","MS",30.2736,-89.0744,"N","Y","N",2010-06-21,26
2010-06-21,"Lepidochelys kempii","MS",30.3498,-88.892,"N","Y","N",2010-06-21,26
2010-06-21,"Lepidochelys kempii","MS",30.3651,-88.8896,"N","Y","N",2010-06-21,26
2010-06-21,"Lepidochelys kempii","MS",30.3667,-88.8944,"N","Y","N",2010-06-21,26
2010-06-21,"Lepidochelys kempii","MS",30.356,-88.9961,"N","Y","N",2010-06-21,26
2010-06-21,"Lepidochelys kempii","MS",30.356,-88.898,"N","Y","N",2010-06-21,26
2010-06-22,"Lepidochelys kempii","MS",30.38757,-88.99525,"N","Y","N",2010-06-22,26
2010-06-22,"Lepidochelys kempii","MS",30.37807,-89.04175,"N","Y","N",2010-06-22,26
2010-06-22,"Lepidochelys kempii","MS",30.40376,-88.82699,"N","Y","N",2010-06-22,26
2010-06-23,"Lepidochelys kempii","MS",30.34,-89.16059,"N","Y","N",2010-06-23,26
2010-06-23,"Lepidochelys kempii","MS",30.37314,-89.0655,"N","Y","N",2010-06-23,26
2010-06-23,"Lepidochelys kempii","MS",30.38498,-89.01112,"N","Y","N",2010-06-23,26
2010-06-24,"Lepidochelys kempii","MS",30.32185,-89.1497,"N","Y","N",2010-06-24,26
2010-06-24,"Lepidochelys kempii","MS",30.41678,-88.86855,"N","Y","N",2010-06-24,26
2010-06-24,"Lepidochelys kempii","MS",30.24835,-89.42323,"N","Y","N",2010-06-24,26
2010-06-25,"Lepidochelys kempii","MS",30.40398,-88.82962,"N","Y","Y",2010-06-25,26
2010-06-26,"Lepidochelys kempii","MS",30.28063,-89.36495,"N","Y","Y",2010-06-26,26
2010-06-26,"Lepidochelys kempii","MS",30.37537,-88.81745,"N","Y","N",2010-06-26,26
2010-06-26,"Lepidochelys kempii","MS",30.37762,-88.1543,"N","Y","N",2010-06-26,26
2010-06-26,"Lepidochelys kempii","MS",30.40048,-88.84228,"N","Y","N",2010-06-26,26
2010-06-27,"Lepidochelys kempii","MS",30.28063,-89.36495,"N","Y","Y",2010-06-27,26
2010-06-27,"Lepidochelys kempii","MS",30.28063,-89.36495,"N","Y","Y",2010-06-27,26
2010-06-28,"Lepidochelys kempii","MS",30.33973,-89.13942,"N","Y","Y",2010-06-28,27
2010-06-28,"Caretta caretta","MS",30.34114,-89.15825,"N","Y","N",2010-06-28,27
2010-06-28,"Lepidochelys kempii","MS",30.32659,-89.2067,"N","Y","N",2010-06-28,27
2010-06-29,"Lepidochelys kempii","MS",30.28063,-89.36495,"N","Y","Y",2010-06-29,27
2010-07-06,"Lepidochelys kempii","MS",30.24918,-89.42303,"N","Y","N",2010-07-06,28
2010-07-06,"Lepidochelys kempii","MS",30.31637,-89.23715,"N","Y","N",2010-07-06,28
2010-07-06,"Lepidochelys kempii","MS",30.31161,-89.25247,"N","Y","N",2010-07-06,28
2010-07-07,"Lepidochelys kempii","MS",30.39065,-88.87007,"N","Y","N",2010-07-07,28
2010-07-11,"Lepidochelys kempii","MS",30.21919,-88.58492,"N","Y","N",2010-07-11,28
2010-07-12,"Lepidochelys kempii","MS",30.36698,-88.97193,"N","Y","N",2010-07-12,29
2010-07-12,"Lepidochelys kempii","MS",30.39609,-88.81237,"N","Y","N",2010-07-12,29
2010-07-12,"Lepidochelys kempii","MS",30.38839,-88.85983,"N","Y","N",2010-07-12,29
2010-07-12,"Lepidochelys kempii","MS",30.21271,-88.95624,"N","Y","N",2010-07-12,29
2010-07-15,"Chelonia mydas","MS",30.23691,-88.64885,"N","Y","N",2010-07-15,29
2010-07-18,"Lepidochelys kempii","MS",30.3818,-89.02513,"N","Y","N",2010-07-18,29
2010-07-19,"Lepidochelys kempii","MS",30.19785,-89.34733,"N","Y","N",2010-07-19,30
2010-07-19,"Lepidochelys kempii","MS",30.19953,-89.34225,"N","Y","N",2010-07-19,30
2010-07-19,"Caretta caretta","MS",30.26915,-89.15201,"N","Y","N",2010-07-19,30
2010-07-19,"Caretta caretta","MS",30.25122,-89.42133,"N","Y","N",2010-07-19,30
2010-07-20,"Lepidochelys kempii","MS",30.37461,-89.05309,"N","Y","N",2010-07-20,30
2010-07-23,"Lepidochelys kempii","MS",30.40881,-88.87754,"N","Y","N",2010-07-23,30
2010-07-23,"Lepidochelys kempii","MS",30.39161,-88.95627,"N","Y","N",2010-07-23,30
2010-07-26,"Unknown","MS",30.25125,-89.42133,"N","Y","N",2010-07-26,31
2010-07-27,"Lepidochelys kempii","MS",30.2237,-88.51291,"N","Y","N",2010-07-27,31
2010-07-27,"Lepidochelys kempii","MS",30.30362,-89.28159,"N","Y","N",2010-07-27,31
2010-08-03,"Unknown","MS",30.40764,-88.83525,"N","Y","N",2010-08-03,32
2010-08-04,"Lepidochelys kempii","MS",30.42745,-88.81323,"N","Y","N",2010-08-04,32
2010-08-04,"Lepidochelys kempii","MS",30.30877,-89.26182,"N","Y","N",2010-08-04,32
2010-08-05,"Unknown","MS",30.23262,-88.48726,"N","Y","N",2010-08-05,32
2010-08-06,"Unknown","MS",30.32654,-88.85897,"N","Y","N",2010-08-06,32
2010-08-09,"Lepidochelys kempii","MS",30.21667,-88.49167,"N","Y","Y",2010-08-09,33
2010-08-10,"Lepidochelys kempii","MS",30.34305,-88.96932,"N","Y","N",2010-08-10,33
2010-08-10,"Lepidochelys kempii","MS",30.3194,-89.13678,"N","Y","N",2010-08-10,33
2010-08-14,"Lepidochelys kempii","MS",30.332,-88.51,"N","Y","N",2010-08-14,33
2010-08-17,"Unknown","MS",30.38217,-89.02382,"N","Y","N",2010-08-17,34
2010-08-20,"Lepidochelys kempii","MS",30.31465,-89.14857,"N","Y","N",2010-08-20,34
2010-08-21,"Unknown","MS",30.22,-88.6,"N","Y","N",2010-08-21,34
2010-08-21,"Unknown","MS",30.2215,-89.07133,"N","Y","N",2010-08-21,34
2010-08-28,"Unknown","MS",30.303317,-89.285367,"N","Y","N",2010-08-28,35
2010-08-28,"Lepidochelys kempii","MS",30.305067,-89.273183,"N","Y","N",2010-08-28,35
2010-08-29,"Lepidochelys kempii","MS",30.27385,-89.3759,"N","Y","N",2010-08-29,35
2010-08-30,"Unknown","MS",30.23342,-89.42113,"N","Y","N",2010-08-30,36
2010-08-30,"Unknown","MS",30.22643,-89.42637,"N","Y","N",2010-08-30,36
2010-08-08,"Lepidochelys kempii","MS",30.28063,-89.36495,"N","Y","Y",2010-08-08,32
2010-08-21,"Lepidochelys kempii","MS",30.28063,-89.36495,"N","Y","Y",2010-08-21,34
2010-08-21,"Lepidochelys kempii","MS",30.28063,-89.36495,"N","Y","Y",2010-08-21,34
2010-09-01,"Lepidochelys kempii","MS",30.28063,-89.36495,"N","Y","Y",2010-09-01,36
2010-09-03,"Unknown","MS",30.22381,-89.43124,"N","Y","N",2010-09-03,36
2010-09-06,"Lepidochelys kempii","MS",30.3738,-89.0437,"N","Y","Y",2010-09-06,37
2010-09-07,"Lepidochelys kempii","MS",30.38892,-88.98638,"N","Y","N",2010-09-07,37
2010-09-07,"Unknown","MS",30.268,-89.38382,"N","Y","N",2010-09-07,37
2010-09-08,"Lepidochelys kempii","MS",30.28063,-89.36495,"N","Y","Y",2010-09-08,37
2010-09-09,"Lepidochelys kempii","MS",30.39295,-88.85802,"N","Y","N",2010-09-09,37
2010-09-10,"Lepidochelys kempii","MS",30.28063,-89.36495,"N","Y","Y",2010-09-10,37
2010-09-10,"Lepidochelys kempii","MS",30.27235,-89.37746,"N","Y","N",2010-09-10,37
2010-05-18,"Lepidochelys kempii",NA,28.4665,-88.46116,"N","Y","Y",2010-05-18,21
2010-05-20,"Caretta caretta",NA,28.96778,-88.79333,"N","Y","Y",2010-05-20,21
2010-05-20,"Lepidochelys kempii",NA,28.90722,-88.80167,"N","Y","Y",2010-05-20,21
2010-05-31,"Lepidochelys kempii",NA,28.9597,-88.5342,"N","Y","Y",2010-05-31,23
2010-05-31,"Lepidochelys kempii",NA,28.9182,-88.5552,"N","Y","Y",2010-05-31,23
2010-05-31,"Lepidochelys kempii",NA,28.865,-88.5658,"N","Y","Y",2010-05-31,23
2010-05-31,"Lepidochelys kempii",NA,28.8538,-88.5617,"N","Y","Y",2010-05-31,23
2010-05-31,"Lepidochelys kempii",NA,28.847,-88.5588,"N","Y","Y",2010-05-31,23
2010-05-31,"Lepidochelys kempii",NA,28.8405,-88.5557,"N","Y","Y",2010-05-31,23
2010-05-31,"Chelonia mydas",NA,28.6573,-88.4313,"N","Y","Y",2010-05-31,23
2010-06-01,"Lepidochelys kempii",NA,28.8045,-88.4771,"N","Y","Y",2010-06-01,23
2010-06-01,"Lepidochelys kempii",NA,28.804483,-88.4771,"N","Y","Y",2010-06-01,23
2010-06-01,"Lepidochelys kempii",NA,28.80725,-88.47808,"N","Y","Y",2010-06-01,23
2010-06-01,"Lepidochelys kempii",NA,28.813483,-88.480383,"N","Y","Y",2010-06-01,23
2010-06-01,"Lepidochelys kempii",NA,28.81535,-88.479233,"N","Y","Y",2010-06-01,23
2010-06-01,"Lepidochelys kempii",NA,28.81669,-88.47803,"N","Y","Y",2010-06-01,23
2010-06-01,"Caretta caretta",NA,28.828083,-88.37115,"N","Y","Y",2010-06-01,23
2010-06-01,"Eretmochelys imbricata",NA,28.829617,-88.471267,"N","Y","Y",2010-06-01,23
2010-06-01,"Lepidochelys kempii",NA,28.826867,-88.464933,"N","Y","Y",2010-06-01,23
2010-06-01,"Lepidochelys kempii",NA,28.834317,-88.42455,"N","Y","Y",2010-06-01,23
2010-06-01,"Lepidochelys kempii",NA,29.0914,-89.7825,"N","Y","N",2010-06-01,23
2010-06-01,"Lepidochelys kempii",NA,29.0919,-89.7781,"N","Y","Y",2010-06-01,23
2010-06-01,"Lepidochelys kempii",NA,29.0932,-89.7747,"N","Y","Y",2010-06-01,23
2010-06-01,"Lepidochelys kempii",NA,29.0998,-89.7574,"N","Y","Y",2010-06-01,23
2010-06-01,"Lepidochelys kempii",NA,29.1065,-89.748,"N","Y","Y",2010-06-01,23
2010-06-06,"Eretmochelys imbricata",NA,29.01025,-88.26369,"N","Y","Y",2010-06-06,23
2010-06-06,"Lepidochelys kempii",NA,29.01025,-88.26369,"N","Y","Y",2010-06-06,23
2010-06-06,"Lepidochelys kempii",NA,29.01025,-88.26369,"N","Y","Y",2010-06-06,23
2010-06-06,"Lepidochelys kempii",NA,29.02569,-88.25586,"N","Y","Y",2010-06-06,23
2010-06-06,"Lepidochelys kempii",NA,29.17372,-88.16519,"N","Y","N",2010-06-06,23
2010-06-10,"Lepidochelys kempii",NA,28.7538,-88.85602,"N","Y","N",2010-06-10,24
2010-06-10,"Lepidochelys kempii",NA,28.75114,-88.84875,"N","Y","Y",2010-06-10,24
2010-06-10,"Lepidochelys kempii",NA,28.62252,-88.55688,"N","Y","Y",2010-06-10,24
2010-06-10,"Lepidochelys kempii",NA,28.76398,-88.82482,"N","Y","Y",2010-06-10,24
2010-06-12,"Lepidochelys kempii",NA,28.66965,-88.49193,"N","Y","Y",2010-06-12,24
2010-06-12,"Lepidochelys kempii",NA,28.91208,-88.68748,"N","Y","Y",2010-06-12,24
2010-06-12,"Lepidochelys kempii",NA,28.70114,-88.53979,"N","Y","Y",2010-06-12,24
2010-06-13,"Lepidochelys kempii",NA,28.92108,-88.7991,"N","Y","Y",2010-06-13,24
2010-06-13,"Lepidochelys kempii",NA,28.92094,-88.79822,"N","Y","Y",2010-06-13,24
2010-06-13,"Lepidochelys kempii",NA,28.92891,-88.77321,"N","Y","Y",2010-06-13,24
2010-06-13,"Lepidochelys kempii",NA,28.928,-88.7701,"N","Y","Y",2010-06-13,24
2010-06-13,"Lepidochelys kempii",NA,28.92558,-88.74215,"N","Y","Y",2010-06-13,24
2010-06-13,"Lepidochelys kempii",NA,28.93916,-88.71402,"N","Y","Y",2010-06-13,24
2010-06-13,"Lepidochelys kempii",NA,28.94739,-88.70053,"N","Y","Y",2010-06-13,24
2010-06-13,"Lepidochelys kempii",NA,28.96491,-88.67766,"N","Y","Y",2010-06-13,24
2010-06-13,"Chelonia mydas",NA,28.98004,-88.65568,"N","Y","Y",2010-06-13,24
2010-06-13,"Lepidochelys kempii",NA,28.72474,-88.55243,"N","Y","Y",2010-06-13,24
2010-06-13,"Lepidochelys kempii",NA,28.81743,-88.63998,"N","Y","Y",2010-06-13,24
2010-06-14,"Caretta caretta",NA,28.62361,-88.54351,"N","Y","Y",2010-06-14,25
2010-06-14,"Lepidochelys kempii",NA,28.60264,-88.49568,"N","Y","Y",2010-06-14,25
2010-06-14,"Lepidochelys kempii",NA,28.59733,-88.49236,"N","Y","Y",2010-06-14,25
2010-06-14,"Lepidochelys kempii",NA,28.59501,-88.49054,"N","Y","Y",2010-06-14,25
2010-06-14,"Lepidochelys kempii",NA,28.57604,-88.49573,"N","Y","Y",2010-06-14,25
2010-06-14,"Lepidochelys kempii",NA,28.57271,-88.49434,"N","Y","Y",2010-06-14,25
2010-06-14,"Lepidochelys kempii",NA,28.56876,-88.49416,"N","Y","Y",2010-06-14,25
2010-06-14,"Lepidochelys kempii",NA,28.52956,-88.51617,"N","Y","Y",2010-06-14,25
2010-06-14,"Lepidochelys kempii",NA,28.50794,-88.54434,"N","Y","Y",2010-06-14,25
2010-06-14,"Lepidochelys kempii",NA,28.53647,-88.60338,"N","Y","Y",2010-06-14,25
2010-06-14,"Lepidochelys kempii",NA,28.69822,-88.79404,"N","Y","Y",2010-06-14,25
2010-06-15,"Lepidochelys kempii",NA,28.90896,-88.72726,"N","Y","Y",2010-06-15,25
2010-06-15,"Chelonia mydas",NA,28.6881,-88.84448,"N","Y","Y",2010-06-15,25
2010-06-15,"Lepidochelys kempii",NA,28.67472,-88.88646,"N","Y","Y",2010-06-15,25
2010-06-15,"Chelonia mydas",NA,28.68382,-88.88902,"N","Y","Y",2010-06-15,25
2010-06-15,"Chelonia mydas",NA,28.8945,-88.72223,"N","Y","Y",2010-06-15,25
2010-06-15,"Lepidochelys kempii",NA,28.6575,-88.87042,"N","Y","Y",2010-06-15,25
2010-06-15,"Lepidochelys kempii",NA,28.65178,-88.86879,"N","Y","Y",2010-06-15,25
2010-06-16,"Chelonia mydas",NA,28.6833,-88.64572,"N","Y","Y",2010-06-16,25
2010-06-16,"Chelonia mydas",NA,28.74405,-88.2535,"N","Y","Y",2010-06-16,25
2010-06-16,"Chelonia mydas",NA,28.7637,-88.23549,"N","Y","Y",2010-06-16,25
2010-06-16,"Lepidochelys kempii",NA,28.7666,-88.23471,"N","Y","Y",2010-06-16,25
2010-06-16,"Lepidochelys kempii",NA,28.78214,-88.23679,"N","Y","Y",2010-06-16,25
2010-06-16,"Lepidochelys kempii",NA,28.87021,-88.50445,"N","Y","Y",2010-06-16,25
2010-06-18,"Lepidochelys kempii",NA,28.67327,-88.29708,"N","Y","Y",2010-06-18,25
2010-06-19,"Chelonia mydas",NA,28.71517,-89.80517,"N","Y","Y",2010-06-19,25
2010-06-19,"Chelonia mydas",NA,28.714,-89.806,"N","Y","Y",2010-06-19,25
2010-06-19,"Chelonia mydas",NA,28.714,-89.806,"N","Y","Y",2010-06-19,25
2010-06-19,"Lepidochelys kempii",NA,28.709,-89.80267,"N","Y","Y",2010-06-19,25
2010-06-19,"Chelonia mydas",NA,28.70783,-89.80433,"N","Y","Y",2010-06-19,25
2010-06-19,"Lepidochelys kempii",NA,28.70783,-89.80433,"N","Y","Y",2010-06-19,25
2010-06-20,"Chelonia mydas",NA,28.62647,-90.18168,"N","Y","N",2010-06-20,25
2010-06-21,"Chelonia mydas",NA,28.78182,-89.7506,"N","Y","Y",2010-06-21,26
2010-06-21,"Chelonia mydas",NA,28.77712,-89.74897,"N","Y","Y",2010-06-21,26
2010-06-21,"Chelonia mydas",NA,28.77405,-89.74953,"N","Y","Y",2010-06-21,26
2010-06-21,"Lepidochelys kempii",NA,28.76734,-89.747,"N","Y","Y",2010-06-21,26
2010-06-21,"Chelonia mydas",NA,28.76683,-89.7453,"N","Y","Y",2010-06-21,26
2010-06-21,"Chelonia mydas",NA,28.76467,-89.74487,"N","Y","Y",2010-06-21,26
2010-06-21,"Lepidochelys kempii",NA,28.76212,-89.74383,"N","Y","Y",2010-06-21,26
2010-06-21,"Chelonia mydas",NA,28.75873,-89.74536,"N","Y","Y",2010-06-21,26
2010-06-21,"Lepidochelys kempii",NA,28.75897,-89.74525,"N","Y","Y",2010-06-21,26
2010-06-21,"Chelonia mydas",NA,28.7489,-89.75946,"N","Y","Y",2010-06-21,26
2010-06-22,"Lepidochelys kempii",NA,28.34139,-88.72183,"N","Y","Y",2010-06-22,26
2010-06-24,"Lepidochelys kempii",NA,28.92028,-88.40833,"N","Y","Y",2010-06-24,26
2010-06-24,"Lepidochelys kempii",NA,28.98478,-88.35519,"N","Y","Y",2010-06-24,26
2010-06-24,"Lepidochelys kempii",NA,29.02858,-88.30956,"N","Y","Y",2010-06-24,26
2010-06-25,"Chelonia mydas",NA,28.95217,-88.37383,"N","Y","Y",2010-06-25,26
2010-06-26,"Lepidochelys kempii",NA,29.00767,-88.90133,"N","Y","Y",2010-06-26,26
2010-06-26,"Lepidochelys kempii",NA,29.00914,-88.88017,"N","Y","Y",2010-06-26,26
2010-06-26,"Chelonia mydas",NA,29.05264,-88.79911,"N","Y","Y",2010-06-26,26
2010-06-26,"Lepidochelys kempii",NA,29.13067,-88.76469,"N","Y","Y",2010-06-26,26
2010-06-27,"Lepidochelys kempii",NA,28.97922,-89.06208,"N","Y","Y",2010-06-27,26
2010-06-27,"Lepidochelys kempii",NA,28.98544,-89.05781,"N","Y","Y",2010-06-27,26
2010-06-27,"Caretta caretta",NA,28.98914,-89.05772,"N","Y","Y",2010-06-27,26
2010-06-27,"Caretta caretta",NA,28.99314,-89.05647,"N","Y","Y",2010-06-27,26
2010-06-27,"Lepidochelys kempii",NA,28.99411,-89.05583,"N","Y","Y",2010-06-27,26
2010-06-27,"Caretta caretta",NA,28.99439,-89.05569,"N","Y","Y",2010-06-27,26
2010-06-27,"Lepidochelys kempii",NA,29.01933,-88.94467,"N","Y","Y",2010-06-27,26
2010-07-02,"Caretta caretta",NA,28.83391,-89.70232,"N","Y","Y",2010-07-02,27
2010-07-08,"Lepidochelys kempii",NA,29.77967,-86.65969,"N","Y","Y",2010-07-08,28
2010-07-08,"Chelonia mydas",NA,29.76231,-86.64678,"N","Y","Y",2010-07-08,28
2010-07-08,"Lepidochelys kempii",NA,29.78244,-86.66177,"N","Y","Y",2010-07-08,28
2010-07-08,"Lepidochelys kempii",NA,29.7915,-86.66883,"N","Y","Y",2010-07-08,28
2010-07-08,"Chelonia mydas",NA,29.79647,-86.67317,"N","Y","Y",2010-07-08,28
2010-07-08,"Lepidochelys kempii",NA,29.79064,-86.68506,"N","Y","Y",2010-07-08,28
2010-07-08,"Lepidochelys kempii",NA,29.792,-86.6845,"N","Y","Y",2010-07-08,28
2010-07-08,"Lepidochelys kempii",NA,29.76889,-86.71661,"N","Y","Y",2010-07-08,28
2010-07-08,"Lepidochelys kempii",NA,29.7665,-86.69725,"N","Y","Y",2010-07-08,28
2010-07-08,"Lepidochelys kempii",NA,29.78413,-86.6638,"N","Y","Y",2010-07-08,28
2010-07-09,"Chelonia mydas",NA,29.74103,-86.68614,"N","Y","Y",2010-07-09,28
2010-07-09,"Lepidochelys kempii",NA,29.798,-86.65583,"N","Y","Y",2010-07-09,28
2010-07-09,"Chelonia mydas",NA,29.81861,-86.64861,"N","Y","Y",2010-07-09,28
2010-07-09,"Lepidochelys kempii",NA,29.82194,-86.64972,"N","Y","Y",2010-07-09,28
2010-07-09,"Chelonia mydas",NA,28.60669,-89.81942,"N","Y","Y",2010-07-09,28
2010-07-09,"Lepidochelys kempii",NA,28.60237,-89.80797,"N","Y","Y",2010-07-09,28
2010-07-09,"Lepidochelys kempii",NA,28.5988,-89.82002,"N","Y","Y",2010-07-09,28
2010-07-09,"Lepidochelys kempii",NA,28.60407,-89.86728,"N","Y","Y",2010-07-09,28
2010-07-09,"Lepidochelys kempii",NA,28.62131,-89.91562,"N","Y","Y",2010-07-09,28
2010-07-10,"Lepidochelys kempii",NA,30.16789,-86.65728,"N","Y","Y",2010-07-10,28
2010-07-10,"Lepidochelys kempii",NA,28.45497,-89.56168,"N","Y","Y",2010-07-10,28
2010-07-10,"Lepidochelys kempii",NA,28.45473,-89.54215,"N","Y","Y",2010-07-10,28
2010-07-10,"Lepidochelys kempii",NA,28.46103,-89.50808,"N","Y","Y",2010-07-10,28
2010-07-10,"Chelonia mydas",NA,28.4621,-89.50258,"N","Y","Y",2010-07-10,28
2010-07-10,"Lepidochelys kempii",NA,28.46322,-89.50012,"N","Y","Y",2010-07-10,28
2010-07-10,"Chelonia mydas",NA,28.45018,-89.47792,"N","Y","Y",2010-07-10,28
2010-07-10,"Lepidochelys kempii",NA,28.64048,-89.28675,"N","Y","Y",2010-07-10,28
2010-07-10,"Chelonia mydas",NA,28.62377,-89.3015,"N","Y","Y",2010-07-10,28
2010-07-10,"Lepidochelys kempii",NA,28.66903,-89.20977,"N","Y","Y",2010-07-10,28
2010-07-11,"Lepidochelys kempii",NA,30.08125,-86.69628,"N","Y","Y",2010-07-11,28
2010-07-11,"Chelonia mydas",NA,30.05086,-86.74683,"N","Y","Y",2010-07-11,28
2010-07-11,"Lepidochelys kempii",NA,30.04306,-86.75436,"N","Y","Y",2010-07-11,28
2010-07-11,"Lepidochelys kempii",NA,30.00972,-86.77508,"N","Y","Y",2010-07-11,28
2010-07-12,"Lepidochelys kempii",NA,30.38017,-86.82553,"N","Y","Y",2010-07-12,29
2010-07-15,"Lepidochelys kempii",NA,28.752567,-88.945683,"N","Y","Y",2010-07-15,29
2010-07-15,"Lepidochelys kempii",NA,28.71372,-90.03227,"N","Y","Y",2010-07-15,29
2010-07-15,"Lepidochelys kempii",NA,28.70544,-90.03028,"N","Y","Y",2010-07-15,29
2010-07-15,"Chelonia mydas",NA,28.69817,-90.03405,"N","Y","Y",2010-07-15,29
2010-07-15,"Eretmochelys imbricata",NA,28.790383,-89.5349,"N","Y","Y",2010-07-15,29
2010-07-15,"Chelonia mydas",NA,28.7893,-89.5873,"N","Y","N",2010-07-15,29
2010-07-15,"Chelonia mydas",NA,28.798633,-89.648917,"N","Y","Y",2010-07-15,29
2010-07-16,"Lepidochelys kempii",NA,28.983183,-88.798317,"N","Y","Y",2010-07-16,29
2010-07-16,"Chelonia mydas",NA,28.970883,-88.902317,"N","Y","Y",2010-07-16,29
2010-07-18,"Chelonia mydas",NA,30.14361,-86.988611,"N","Y","Y",2010-07-18,29
2010-07-18,"Lepidochelys kempii",NA,30.112917,-86.987722,"N","Y","Y",2010-07-18,29
2010-07-18,"Lepidochelys kempii",NA,30.383778,-86.810306,"N","Y","Y",2010-07-18,29
2010-07-18,"Chelonia mydas",NA,30.15225,-86.989111,"N","Y","Y",2010-07-18,29
2010-07-18,"Lepidochelys kempii",NA,30.119,-86.9885,"N","Y","Y",2010-07-18,29
2010-07-18,"Lepidochelys kempii",NA,30.143611,-86.988611,"N","Y","Y",2010-07-18,29
2010-07-18,"Lepidochelys kempii",NA,28.75343,-88.86237,"N","Y","Y",2010-07-18,29
2010-07-18,"Chelonia mydas",NA,28.77887,-88.91952,"N","Y","Y",2010-07-18,29
2010-07-19,"Lepidochelys kempii",NA,28.81003,-88.93257,"N","Y","Y",2010-07-19,30
2010-07-19,"Lepidochelys kempii",NA,28.72075,-88.95385,"N","Y","Y",2010-07-19,30
2010-07-19,"Lepidochelys kempii",NA,28.72342,-88.95933,"N","Y","Y",2010-07-19,30
2010-07-19,"Lepidochelys kempii",NA,28.81473,-88.93203,"N","Y","Y",2010-07-19,30
2010-07-19,"Lepidochelys kempii",NA,28.8163,-88.89377,"N","Y","Y",2010-07-19,30
2010-07-20,"Lepidochelys kempii",NA,28.84333,-89.23893,"N","Y","Y",2010-07-20,30
2010-07-20,"Chelonia mydas",NA,28.73598,-89.4137,"N","Y","Y",2010-07-20,30
2010-07-20,"Chelonia mydas",NA,28.83838,-89.14943,"N","Y","Y",2010-07-20,30
2010-07-20,"Chelonia mydas",NA,28.84902,-89.23713,"N","Y","Y",2010-07-20,30
2010-07-20,"Lepidochelys kempii",NA,28.8402,-89.24598,"N","Y","Y",2010-07-20,30
2010-07-20,"Chelonia mydas",NA,28.81298,-89.13493,"N","Y","Y",2010-07-20,30
2010-07-20,"Chelonia mydas",NA,28.84588,-89.23438,"N","Y","Y",2010-07-20,30
2010-07-20,"Lepidochelys kempii",NA,29.75869,-86.29614,"N","Y","Y",2010-07-20,30
2010-07-22,"Lepidochelys kempii",NA,29.62042,-88.03522,"N","Y","Y",2010-07-22,30
2010-07-22,"Lepidochelys kempii",NA,29.58008,-87.63642,"N","Y","Y",2010-07-22,30
2010-07-22,"Lepidochelys kempii",NA,29.57822,-87.62947,"N","Y","Y",2010-07-22,30
2010-07-22,"Lepidochelys kempii",NA,29.57583,-87.602,"N","Y","Y",2010-07-22,30
2010-07-22,"Lepidochelys kempii",NA,29.57647,-87.59758,"N","Y","Y",2010-07-22,30
2010-07-26,"Chelonia mydas",NA,30.36919,-86.86894,"N","Y","Y",2010-07-26,31
2010-07-26,"Chelonia mydas",NA,30.29167,-86.77183,"N","Y","Y",2010-07-26,31
2010-07-26,"Lepidochelys kempii",NA,30.22042,-86.89469,"N","Y","Y",2010-07-26,31
2010-07-26,"Chelonia mydas",NA,30.20819,-86.87975,"N","Y","Y",2010-07-26,31
2010-07-26,"Lepidochelys kempii",NA,29.58644,-87.64389,"N","Y","Y",2010-07-26,31
2010-07-26,"Lepidochelys kempii",NA,29.5715,-87.61686,"N","Y","Y",2010-07-26,31
2010-07-26,"Lepidochelys kempii",NA,29.57789,-87.66258,"N","Y","Y",2010-07-26,31
2010-07-26,"Chelonia mydas",NA,29.5875,-87.68431,"N","Y","Y",2010-07-26,31
2010-07-26,"Chelonia mydas",NA,29.60475,-87.81281,"N","Y","Y",2010-07-26,31
2010-07-27,"Lepidochelys kempii",NA,29.11878,-90.65543,"N","Y","Y",2010-07-27,31
2010-07-27,"Chelonia mydas",NA,28.82282,-89.1657,"N","Y","Y",2010-07-27,31
2010-07-27,"Lepidochelys kempii",NA,28.84687,-89.15742,"N","Y","Y",2010-07-27,31
2010-07-27,"Lepidochelys kempii",NA,28.86527,-89.16302,"N","Y","Y",2010-07-27,31
2010-07-27,"Lepidochelys kempii",NA,29.38822,-86.89986,"N","Y","Y",2010-07-27,31
2010-07-27,"Lepidochelys kempii",NA,29.68808,-87.11397,"N","Y","Y",2010-07-27,31
2010-07-27,"Lepidochelys kempii",NA,29.39119,-86.88214,"N","Y","Y",2010-07-27,31
2010-07-27,"Lepidochelys kempii",NA,29.44022,-86.86072,"N","Y","Y",2010-07-27,31
2010-07-27,"Chelonia mydas",NA,30.20733,-86.45914,"N","Y","Y",2010-07-27,31
2010-07-27,"Chelonia mydas",NA,29.88778,-86.44861,"N","Y","Y",2010-07-27,31
2010-07-27,"Lepidochelys kempii",NA,29.8755,-86.43814,"N","Y","Y",2010-07-27,31
2010-07-27,"Chelonia mydas",NA,29.87569,-86.43828,"N","Y","Y",2010-07-27,31
2010-07-27,"Lepidochelys kempii",NA,29.85942,-86.43111,"N","Y","Y",2010-07-27,31
2010-07-28,"Chelonia mydas",NA,28.72718,-89.03967,"N","Y","Y",2010-07-28,31
2010-07-28,"Lepidochelys kempii",NA,28.86002,-88.94165,"N","Y","Y",2010-07-28,31
2010-07-28,"Eretmochelys imbricata",NA,28.73277,-89.03043,"N","Y","Y",2010-07-28,31
2010-07-28,"Lepidochelys kempii",NA,28.79123,-88.95598,"N","Y","Y",2010-07-28,31
2010-07-28,"Chelonia mydas",NA,29.81728,-87.96669,"N","Y","Y",2010-07-28,31
2010-07-28,"Eretmochelys imbricata",NA,29.68819,-87.90239,"N","Y","Y",2010-07-28,31
2010-07-28,"Chelonia mydas",NA,29.69525,-87.90689,"N","Y","Y",2010-07-28,31
2010-07-28,"Lepidochelys kempii",NA,29.70011,-87.89728,"N","Y","Y",2010-07-28,31
2010-07-28,"Lepidochelys kempii",NA,29.69628,-87.89597,"N","Y","Y",2010-07-28,31
2010-07-28,"Lepidochelys kempii",NA,29.72083,-87.88719,"N","Y","Y",2010-07-28,31
2010-07-28,"Chelonia mydas",NA,29.71381,-87.92106,"N","Y","Y",2010-07-28,31
2010-07-28,"Lepidochelys kempii",NA,29.71217,-87.9205,"N","Y","Y",2010-07-28,31
2010-07-28,"Lepidochelys kempii",NA,29.68153,-87.90747,"N","Y","Y",2010-07-28,31
2010-07-28,"Lepidochelys kempii",NA,29.78144,-87.92628,"N","Y","Y",2010-07-28,31
2010-07-28,"Lepidochelys kempii",NA,29.70981,-87.92039,"N","Y","Y",2010-07-28,31
2010-07-28,"Lepidochelys kempii",NA,29.68819,-87.90728,"N","Y","Y",2010-07-28,31
2010-07-28,"Lepidochelys kempii",NA,29.76611,-87.93333,"N","Y","Y",2010-07-28,31
2010-07-28,"Caretta caretta",NA,29.72086,-86.53525,"N","Y","Y",2010-07-28,31
2010-07-28,"Lepidochelys kempii",NA,29.73228,-86.54228,"N","Y","Y",2010-07-28,31
2010-07-28,"Chelonia mydas",NA,29.79536,-86.59664,"N","Y","Y",2010-07-28,31
2010-07-28,"Chelonia mydas",NA,29.80106,-86.61083,"N","Y","Y",2010-07-28,31
2010-07-28,"Chelonia mydas",NA,29.81264,-86.63069,"N","Y","Y",2010-07-28,31
2010-07-28,"Chelonia mydas",NA,29.81994,-86.6425,"N","Y","Y",2010-07-28,31
2010-07-28,"Chelonia mydas",NA,29.82144,-86.64578,"N","Y","Y",2010-07-28,31
2010-07-28,"Chelonia mydas",NA,29.83217,-86.66128,"N","Y","Y",2010-07-28,31
2010-07-28,"Chelonia mydas",NA,29.83756,-86.66578,"N","Y","Y",2010-07-28,31
2010-07-28,"Lepidochelys kempii",NA,29.86186,-86.6845,"N","Y","Y",2010-07-28,31
2010-07-28,"Chelonia mydas",NA,29.87522,-86.68961,"N","Y","Y",2010-07-28,31
2010-07-28,"Chelonia mydas",NA,29.93989,-86.71117,"N","Y","Y",2010-07-28,31
2010-07-28,"Chelonia mydas",NA,29.94722,-86.71164,"N","Y","Y",2010-07-28,31
2010-07-28,"Chelonia mydas",NA,28.7055,-89.09158,"N","Y","Y",2010-07-28,31
2010-07-28,"Lepidochelys kempii",NA,28.796,-88.95665,"N","Y","Y",2010-07-28,31
2010-07-29,"Lepidochelys kempii",NA,29.46025,-87.77031,"N","Y","Y",2010-07-29,31
2010-07-29,"Chelonia mydas",NA,29.36628,-87.69047,"N","Y","Y",2010-07-29,31
2010-07-29,"Chelonia mydas",NA,29.87206,-86.6675,"N","Y","Y",2010-07-29,31
2010-07-29,"Chelonia mydas",NA,29.88147,-86.67344,"N","Y","Y",2010-07-29,31
2010-07-29,"Chelonia mydas",NA,29.93097,-86.68,"N","Y","Y",2010-07-29,31
2010-07-29,"Chelonia mydas",NA,29.86275,-86.67372,"N","Y","Y",2010-07-29,31
2010-07-29,"Lepidochelys kempii",NA,29.88786,-86.67189,"N","Y","Y",2010-07-29,31
2010-07-30,"Lepidochelys kempii",NA,28.776583,-89.667583,"N","Y","Y",2010-07-30,31
2010-07-30,"Lepidochelys kempii",NA,29.772333,-88.001694,"N","Y","Y",2010-07-30,31
2010-07-30,"Lepidochelys kempii",NA,29.9195,-86.381417,"N","Y","Y",2010-07-30,31
2010-07-30,"Lepidochelys kempii",NA,29.730528,-86.381417,"N","Y","Y",2010-07-30,31
2010-07-31,"Lepidochelys kempii",NA,29.44281,-87.06897,"N","Y","Y",2010-07-31,31
2010-07-31,"Chelonia mydas",NA,29.53839,-87.10983,"N","Y","Y",2010-07-31,31
2010-07-31,"Chelonia mydas",NA,29.54211,-87.11128,"N","Y","Y",2010-07-31,31
2010-07-31,"Chelonia mydas",NA,29.57031,-87.12347,"N","Y","Y",2010-07-31,31
2010-07-31,"Lepidochelys kempii",NA,29.593,-87.13636,"N","Y","Y",2010-07-31,31
2010-07-31,"Chelonia mydas",NA,29.61681,-87.15122,"N","Y","Y",2010-07-31,31
2010-07-31,"Lepidochelys kempii",NA,29.67028,-87.18381,"N","Y","Y",2010-07-31,31
2010-07-31,"Chelonia mydas",NA,29.70642,-87.20656,"N","Y","Y",2010-07-31,31
2010-07-31,"Lepidochelys kempii",NA,29.71169,-87.20964,"N","Y","Y",2010-07-31,31
2010-07-31,"Lepidochelys kempii",NA,29.72383,-87.21692,"N","Y","Y",2010-07-31,31
2010-07-31,"Lepidochelys kempii",NA,29.72867,-87.21931,"N","Y","Y",2010-07-31,31
2010-07-31,"Lepidochelys kempii",NA,29.72942,-87.22867,"N","Y","Y",2010-07-31,31
2010-07-31,"Lepidochelys kempii",NA,29.74997,-87.23883,"N","Y","Y",2010-07-31,31
2010-07-31,"Lepidochelys kempii",NA,29.428944,-86.879028,"N","Y","Y",2010-07-31,31
2010-07-31,"Chelonia mydas",NA,29.36975,-86.931389,"N","Y","Y",2010-07-31,31
2010-07-31,"Lepidochelys kempii",NA,29.480306,-86.927556,"N","Y","Y",2010-07-31,31
2010-08-01,"Lepidochelys kempii",NA,29.437222,-86.399,"N","Y","Y",2010-08-01,31
2010-08-01,"Lepidochelys kempii",NA,29.401694,-86.339556,"N","Y","Y",2010-08-01,31
2010-08-01,"Lepidochelys kempii",NA,29.400333,-86.340194,"N","Y","Y",2010-08-01,31
2010-08-01,"Lepidochelys kempii",NA,29.912722,-86.477667,"N","Y","Y",2010-08-01,31
2010-08-01,"Lepidochelys kempii",NA,29.994194,-86.521694,"N","Y","Y",2010-08-01,31
2010-08-01,"Lepidochelys kempii",NA,29.439639,-86.399944,"N","Y","Y",2010-08-01,31
2010-08-01,"Lepidochelys kempii",NA,29.957194,-86.50575,"N","Y","Y",2010-08-01,31
2010-08-01,"Lepidochelys kempii",NA,29.975611,-86.514444,"N","Y","Y",2010-08-01,31
2010-08-01,"Lepidochelys kempii",NA,29.998667,-86.522278,"N","Y","Y",2010-08-01,31
2010-08-01,"Caretta caretta",NA,29.430111,-86.381028,"N","Y","Y",2010-08-01,31
2010-08-01,"Chelonia mydas",NA,29.425861,-86.381972,"N","Y","Y",2010-08-01,31
2010-08-01,"Chelonia mydas",NA,29.426528,-86.381167,"N","Y","Y",2010-08-01,31
2010-08-01,"Lepidochelys kempii",NA,28.641233,-89.460985,"N","Y","Y",2010-08-01,31
2010-08-01,"Lepidochelys kempii",NA,28.62615,-89.455767,"N","Y","Y",2010-08-01,31
2010-08-01,"Lepidochelys kempii",NA,28.61495,-89.45065,"N","Y","Y",2010-08-01,31
2010-08-01,"Chelonia mydas",NA,28.596617,-89.53775,"N","Y","Y",2010-08-01,31
2010-08-01,"Lepidochelys kempii",NA,28.662883,-89.5189,"N","Y","Y",2010-08-01,31
2010-08-01,"Chelonia mydas",NA,28.597783,-89.532717,"N","Y","Y",2010-08-01,31
2010-08-01,"Lepidochelys kempii",NA,28.66045,-89.513433,"N","Y","Y",2010-08-01,31
2010-08-01,"Chelonia mydas",NA,29.79292,-87.22231,"N","Y","Y",2010-08-01,31
2010-08-01,"Lepidochelys kempii",NA,29.78889,-87.24222,"N","Y","Y",2010-08-01,31
2010-08-01,"Chelonia mydas",NA,29.79186,-87.23314,"N","Y","Y",2010-08-01,31
2010-08-01,"Chelonia mydas",NA,29.78183,-87.24975,"N","Y","Y",2010-08-01,31
2010-08-01,"Chelonia mydas",NA,29.77606,-87.25464,"N","Y","Y",2010-08-01,31
2010-08-01,"Chelonia mydas",NA,29.761,-87.26053,"N","Y","Y",2010-08-01,31
2010-08-01,"Lepidochelys kempii",NA,29.71069,-87.22828,"N","Y","Y",2010-08-01,31
2010-08-01,"Lepidochelys kempii",NA,29.71586,-87.22569,"N","Y","Y",2010-08-01,31
2010-08-01,"Lepidochelys kempii",NA,29.81331,-87.18269,"N","Y","Y",2010-08-01,31
2010-08-01,"Chelonia mydas",NA,29.80461,-87.13658,"N","Y","Y",2010-08-01,31
2010-08-01,"Lepidochelys kempii",NA,29.81214,-87.19269,"N","Y","Y",2010-08-01,31
2010-08-01,"Chelonia mydas",NA,29.81369,-87.18389,"N","Y","Y",2010-08-01,31
2010-08-01,"Chelonia mydas",NA,29.81447,-87.18172,"N","Y","Y",2010-08-01,31
2010-08-01,"Lepidochelys kempii",NA,29.81269,-87.18717,"N","Y","Y",2010-08-01,31
2010-08-01,"Lepidochelys kempii",NA,29.81197,-87.17547,"N","Y","Y",2010-08-01,31
2010-08-01,"Lepidochelys kempii",NA,29.81206,-87.19281,"N","Y","Y",2010-08-01,31
2010-08-02,"Chelonia mydas",NA,29.59114,-87.07378,"N","Y","Y",2010-08-02,32
2010-08-02,"Lepidochelys kempii",NA,29.541,-87.03208,"N","Y","Y",2010-08-02,32
2010-08-02,"Chelonia mydas",NA,29.52994,-87.02775,"N","Y","Y",2010-08-02,32
2010-08-02,"Chelonia mydas",NA,28.60755,-89.47623,"N","Y","Y",2010-08-02,32
2010-08-02,"Chelonia mydas",NA,28.60558,-89.46505,"N","Y","Y",2010-08-02,32
2010-08-02,"Chelonia mydas",NA,28.60012,-89.71635,"N","Y","Y",2010-08-02,32
2010-08-02,"Chelonia mydas",NA,28.67755,-89.70095,"N","Y","Y",2010-08-02,32
2010-08-02,"Chelonia mydas",NA,28.67797,-89.7111,"N","Y","Y",2010-08-02,32
2010-08-02,"Lepidochelys kempii",NA,28.6588,-89.74878,"N","Y","Y",2010-08-02,32
2010-08-02,"Lepidochelys kempii",NA,28.65883,-89.73555,"N","Y","Y",2010-08-02,32
2010-08-02,"Chelonia mydas",NA,28.63783,-89.71067,"N","Y","Y",2010-08-02,32
2010-08-02,"Chelonia mydas",NA,28.6171,-89.7171,"N","Y","Y",2010-08-02,32
2010-08-02,"Chelonia mydas",NA,28.6123,-89.7313,"N","Y","Y",2010-08-02,32
2010-08-02,"Chelonia mydas",NA,28.67685,-89.697,"N","Y","Y",2010-08-02,32
2010-08-03,"Lepidochelys kempii",NA,29.56542,-87.61539,"N","Y","Y",2010-08-03,32
2010-08-03,"Lepidochelys kempii",NA,29.56783,-87.61769,"N","Y","Y",2010-08-03,32
2010-08-03,"Lepidochelys kempii",NA,29.54533,-87.61922,"N","Y","Y",2010-08-03,32
2010-08-03,"Lepidochelys kempii",NA,29.54192,-87.60561,"N","Y","Y",2010-08-03,32
2010-08-03,"Lepidochelys kempii",NA,29.51833,-87.60547,"N","Y","Y",2010-08-03,32
2010-08-03,"Chelonia mydas",NA,29.51611,-87.60508,"N","Y","Y",2010-08-03,32
2010-08-03,"Lepidochelys kempii",NA,29.47481,-87.55956,"N","Y","Y",2010-08-03,32
2010-08-03,"Lepidochelys kempii",NA,29.48117,-87.57106,"N","Y","Y",2010-08-03,32
2010-08-03,"Lepidochelys kempii",NA,29.50864,-87.6,"N","Y","Y",2010-08-03,32
2010-08-03,"Lepidochelys kempii",NA,29.48019,-87.57042,"N","Y","Y",2010-08-03,32
2010-08-03,"Lepidochelys kempii",NA,29.49031,-87.52661,"N","Y","Y",2010-08-03,32
2010-08-03,"Chelonia mydas",NA,29.49217,-87.58286,"N","Y","Y",2010-08-03,32
2010-08-03,"Caretta caretta",NA,29.60697,-87.59919,"N","Y","Y",2010-08-03,32
2010-08-03,"Chelonia mydas",NA,29.48175,-87.57258,"N","Y","Y",2010-08-03,32
2010-08-03,"Lepidochelys kempii",NA,29.501,-87.59256,"N","Y","Y",2010-08-03,32
2010-08-03,"Lepidochelys kempii",NA,30.28467,-86.21672,"N","Y","Y",2010-08-03,32
2010-08-03,"Lepidochelys kempii",NA,29.59567,-86.51661,"N","Y","Y",2010-08-03,32
2010-08-03,"Chelonia mydas",NA,29.59367,-86.51628,"N","Y","Y",2010-08-03,32
2010-08-03,"Lepidochelys kempii",NA,29.58289,-86.51328,"N","Y","Y",2010-08-03,32
2010-08-03,"Lepidochelys kempii",NA,29.58567,-86.48328,"N","Y","Y",2010-08-03,32
2010-08-03,"Chelonia mydas",NA,29.58511,-86.48169,"N","Y","Y",2010-08-03,32
2010-08-03,"Lepidochelys kempii",NA,29.58453,-86.47769,"N","Y","Y",2010-08-03,32
2010-08-03,"Chelonia mydas",NA,29.58047,-86.46244,"N","Y","Y",2010-08-03,32
2010-08-03,"Lepidochelys kempii",NA,29.64072,-86.50033,"N","Y","Y",2010-08-03,32
2010-08-03,"Chelonia mydas",NA,29.641,-86.50422,"N","Y","Y",2010-08-03,32
2010-08-03,"Lepidochelys kempii",NA,29.67117,-86.49817,"N","Y","Y",2010-08-03,32
2010-08-03,"Lepidochelys kempii",NA,29.79664,-86.08261,"N","Y","Y",2010-08-03,32
2010-08-03,"Lepidochelys kempii",NA,29.93786,-86.28236,"N","Y","Y",2010-08-03,32
2010-08-03,"Chelonia mydas",NA,29.92622,-86.19767,"N","Y","Y",2010-08-03,32
2010-08-03,"Lepidochelys kempii",NA,29.92831,-86.19453,"N","Y","Y",2010-08-03,32
2010-08-03,"Chelonia mydas",NA,28.8368,-89.66568,"N","Y","Y",2010-08-03,32
2010-08-03,"Chelonia mydas",NA,28.82385,-89.64032,"N","Y","Y",2010-08-03,32
2010-08-03,"Chelonia mydas",NA,28.8232,-89.6366,"N","Y","Y",2010-08-03,32
2010-08-03,"Eretmochelys imbricata",NA,28.81725,-89.64377,"N","Y","Y",2010-08-03,32
2010-08-03,"Chelonia mydas",NA,28.81593,-89.64717,"N","Y","Y",2010-08-03,32
2010-08-03,"Chelonia mydas",NA,28.8162,-89.65705,"N","Y","Y",2010-08-03,32
2010-08-03,"Lepidochelys kempii",NA,28.81465,-89.66428,"N","Y","Y",2010-08-03,32
2010-08-03,"Eretmochelys imbricata",NA,28.81945,-89.71667,"N","Y","Y",2010-08-03,32
2010-08-03,"Chelonia mydas",NA,28.82342,-89.73007,"N","Y","Y",2010-08-03,32
2010-08-03,"Chelonia mydas",NA,28.82015,-89.6528,"N","Y","Y",2010-08-03,32
2010-08-03,"Chelonia mydas",NA,28.81467,-89.67442,"N","Y","Y",2010-08-03,32
2010-08-03,"Chelonia mydas",NA,28.81443,-89.67472,"N","Y","Y",2010-08-03,32
2010-08-03,"Lepidochelys kempii",NA,28.81303,-89.68543,"N","Y","Y",2010-08-03,32
2010-08-03,"Chelonia mydas",NA,28.82698,-89.75105,"N","Y","Y",2010-08-03,32
2010-08-04,"Chelonia mydas",NA,28.86358,-89.62122,"N","Y","Y",2010-08-04,32
2010-08-04,"Chelonia mydas",NA,28.86358,-89.62122,"N","Y","Y",2010-08-04,32
2010-08-04,"Chelonia mydas",NA,28.86695,-89.64163,"N","Y","Y",2010-08-04,32
2010-08-04,"Chelonia mydas",NA,28.8662,-89.68407,"N","Y","Y",2010-08-04,32
2010-08-04,"Chelonia mydas",NA,28.84962,-89.6573,"N","Y","Y",2010-08-04,32
2010-08-04,"Chelonia mydas",NA,28.8439,-89.64983,"N","Y","Y",2010-08-04,32
2010-08-04,"Chelonia mydas",NA,28.82825,-89.63262,"N","Y","Y",2010-08-04,32
2010-08-04,"Chelonia mydas",NA,28.81335,-89.62005,"N","Y","Y",2010-08-04,32
2010-08-04,"Lepidochelys kempii",NA,28.81,-89.61797,"N","Y","Y",2010-08-04,32
2010-08-04,"Chelonia mydas",NA,28.80628,-89.61515,"N","Y","Y",2010-08-04,32
2010-08-04,"Chelonia mydas",NA,28.80628,-89.61515,"N","Y","Y",2010-08-04,32
2010-08-04,"Lepidochelys kempii",NA,28.77883,-89.57647,"N","Y","Y",2010-08-04,32
2010-08-04,"Chelonia mydas",NA,28.77323,-89.58025,"N","Y","Y",2010-08-04,32
2010-08-04,"Chelonia mydas",NA,28.77125,-89.584,"N","Y","Y",2010-08-04,32
2010-08-04,"Lepidochelys kempii",NA,28.76673,-89.6047,"N","Y","Y",2010-08-04,32
2010-08-04,"Lepidochelys kempii",NA,28.89518,-89.67753,"N","Y","Y",2010-08-04,32
2010-08-04,"Chelonia mydas",NA,28.795,-89.65473,"N","Y","Y",2010-08-04,32
2010-08-04,"Lepidochelys kempii",NA,28.87875,-89.6722,"N","Y","Y",2010-08-04,32
2010-08-04,"Lepidochelys kempii",NA,28.8737,-89.67125,"N","Y","Y",2010-08-04,32
2010-08-04,"Eretmochelys imbricata",NA,28.85443,-89.65995,"N","Y","Y",2010-08-04,32
2010-08-04,"Chelonia mydas",NA,28.80893,-89.59965,"N","Y","Y",2010-08-04,32
2010-08-04,"Eretmochelys imbricata",NA,28.79733,-89.58083,"N","Y","Y",2010-08-04,32
2010-08-04,"Chelonia mydas",NA,28.78107,-89.55942,"N","Y","Y",2010-08-04,32
2010-08-04,"Chelonia mydas",NA,28.77845,-89.56645,"N","Y","Y",2010-08-04,32
2010-08-04,"Chelonia mydas",NA,28.7772,-89.57268,"N","Y","Y",2010-08-04,32
2010-08-04,"Lepidochelys kempii",NA,28.78795,-89.63498,"N","Y","Y",2010-08-04,32
2010-08-04,"Chelonia mydas",NA,29.43703,-87.42767,"N","Y","Y",2010-08-04,32
2010-08-04,"Chelonia mydas",NA,29.43753,-87.43436,"N","Y","Y",2010-08-04,32
2010-08-04,"Chelonia mydas",NA,29.43683,-87.4395,"N","Y","Y",2010-08-04,32
2010-08-04,"Chelonia mydas",NA,29.71125,-87.36947,"N","Y","Y",2010-08-04,32
2010-08-04,"Lepidochelys kempii",NA,29.36942,-87.5165,"N","Y","Y",2010-08-04,32
2010-08-04,"Lepidochelys kempii",NA,29.43986,-87.43489,"N","Y","Y",2010-08-04,32
2010-08-04,"Lepidochelys kempii",NA,29.4425,-87.43561,"N","Y","Y",2010-08-04,32
2010-08-04,"Chelonia mydas",NA,29.88053,-86.14272,"N","Y","Y",2010-08-04,32
2010-08-04,"Lepidochelys kempii",NA,29.90175,-86.10667,"N","Y","Y",2010-08-04,32
2010-08-04,"Chelonia mydas",NA,29.80672,-86.13708,"N","Y","Y",2010-08-04,32
2010-08-04,"Lepidochelys kempii",NA,29.80628,-86.14558,"N","Y","Y",2010-08-04,32
2010-08-04,"Chelonia mydas",NA,29.81217,-86.14414,"N","Y","Y",2010-08-04,32
2010-08-04,"Lepidochelys kempii",NA,29.78417,-86.14675,"N","Y","Y",2010-08-04,32
2010-08-04,"Lepidochelys kempii",NA,29.78725,-86.15103,"N","Y","Y",2010-08-04,32
2010-08-04,"Lepidochelys kempii",NA,29.78389,-86.14886,"N","Y","Y",2010-08-04,32
2010-08-04,"Chelonia mydas",NA,29.78356,-86.14606,"N","Y","Y",2010-08-04,32
2010-08-04,"Lepidochelys kempii",NA,29.78039,-86.14197,"N","Y","Y",2010-08-04,32
2010-08-04,"Lepidochelys kempii",NA,29.77789,-86.13367,"N","Y","Y",2010-08-04,32
2010-08-04,"Chelonia mydas",NA,29.77833,-86.13353,"N","Y","Y",2010-08-04,32
2010-08-04,"Chelonia mydas",NA,29.77183,-86.12394,"N","Y","Y",2010-08-04,32
2010-08-04,"Lepidochelys kempii",NA,29.54061,-86.3335,"N","Y","Y",2010-08-04,32
2010-08-04,"Lepidochelys kempii",NA,29.53692,-86.34742,"N","Y","Y",2010-08-04,32
2010-08-04,"Chelonia mydas",NA,29.52906,-86.36178,"N","Y","Y",2010-08-04,32
2010-08-04,"Chelonia mydas",NA,29.51672,-86.36678,"N","Y","Y",2010-08-04,32
2010-08-04,"Caretta caretta",NA,29.52894,-86.39631,"N","Y","Y",2010-08-04,32
2010-08-05,"Chelonia mydas",NA,28.84292,-88.80143,"N","Y","Y",2010-08-05,32
2010-08-05,"Chelonia mydas",NA,28.60433,-88.65118,"N","Y","Y",2010-08-05,32
2010-08-05,"Eretmochelys imbricata",NA,28.63863,-88.60335,"N","Y","Y",2010-08-05,32
2010-08-05,"Chelonia mydas",NA,28.64975,-88.59473,"N","Y","Y",2010-08-05,32
2010-08-05,"Lepidochelys kempii",NA,28.64917,-88.70287,"N","Y","Y",2010-08-05,32
2010-08-05,"Lepidochelys kempii",NA,28.70287,-88.51458,"N","Y","Y",2010-08-05,32
2010-08-05,"Lepidochelys kempii",NA,29.83522,-87.84886,"N","Y","Y",2010-08-05,32
2010-08-05,"Chelonia mydas",NA,29.91878,-86.54406,"N","Y","Y",2010-08-05,32
2010-08-05,"Lepidochelys kempii",NA,29.91408,-86.55122,"N","Y","Y",2010-08-05,32
2010-08-05,"Chelonia mydas",NA,29.58439,-86.51978,"N","Y","Y",2010-08-05,32
2010-08-05,"Lepidochelys kempii",NA,29.58389,-86.50517,"N","Y","Y",2010-08-05,32
2010-08-05,"Chelonia mydas",NA,29.58567,-86.44453,"N","Y","Y",2010-08-05,32
2010-08-05,"Lepidochelys kempii",NA,29.58108,-86.47192,"N","Y","Y",2010-08-05,32
2010-08-05,"Caretta caretta",NA,29.68567,-86.5065,"N","Y","Y",2010-08-05,32
2010-08-06,"Chelonia mydas",NA,28.68532,-88.30048,"N","Y","Y",2010-08-06,32
2010-08-06,"Chelonia mydas",NA,29.86111,-87.10789,"N","Y","Y",2010-08-06,32
2010-08-06,"Chelonia mydas",NA,29.53939,-86.35261,"N","Y","Y",2010-08-06,32
2010-08-07,"Lepidochelys kempii",NA,28.70485,-89.58472,"N","Y","Y",2010-08-07,32
2010-08-07,"Lepidochelys kempii",NA,28.69725,-89.57843,"N","Y","Y",2010-08-07,32
2010-08-07,"Lepidochelys kempii",NA,28.6733,-89.5306,"N","Y","Y",2010-08-07,32
2010-08-07,"Chelonia mydas",NA,28.66293,-89.51825,"N","Y","Y",2010-08-07,32
2010-08-07,"Chelonia mydas",NA,28.65758,-89.51382,"N","Y","Y",2010-08-07,32
2010-08-07,"Eretmochelys imbricata",NA,28.65097,-89.51193,"N","Y","Y",2010-08-07,32
2010-08-07,"Lepidochelys kempii",NA,30.05303,-86.22828,"N","Y","Y",2010-08-07,32
2010-08-07,"Lepidochelys kempii",NA,29.70417,-85.99892,"N","Y","Y",2010-08-07,32
2010-08-07,"Chelonia mydas",NA,29.68311,-86.00308,"N","Y","Y",2010-08-07,32
2010-08-08,"Lepidochelys kempii",NA,28.64103,-89.41565,"N","Y","Y",2010-08-08,32
2010-08-08,"Chelonia mydas",NA,28.61333,-89.37177,"N","Y","Y",2010-08-08,32
2010-08-08,"Chelonia mydas",NA,28.60078,-89.36313,"N","Y","Y",2010-08-08,32
2010-08-08,"Lepidochelys kempii",NA,28.51213,-89.20935,"N","Y","Y",2010-08-08,32
2010-08-08,"Eretmochelys imbricata",NA,28.63667,-89.40072,"N","Y","Y",2010-08-08,32
2010-08-08,"Lepidochelys kempii",NA,28.60572,-89.35997,"N","Y","Y",2010-08-08,32
2010-08-08,"Eretmochelys imbricata",NA,28.5647,-89.32335,"N","Y","Y",2010-08-08,32
2010-08-08,"Lepidochelys kempii",NA,29.68192,-87.02408,"N","Y","Y",2010-08-08,32
2010-08-08,"Lepidochelys kempii",NA,29.70367,-86.20797,"N","Y","Y",2010-08-08,32
2010-08-08,"Chelonia mydas",NA,29.70367,-86.20797,"N","Y","Y",2010-08-08,32
2010-08-08,"Lepidochelys kempii",NA,29.70236,-86.20128,"N","Y","Y",2010-08-08,32
2010-08-08,"Lepidochelys kempii",NA,29.70344,-86.19892,"N","Y","Y",2010-08-08,32
2010-08-08,"Chelonia mydas",NA,29.70606,-86.19597,"N","Y","Y",2010-08-08,32
2010-08-08,"Chelonia mydas",NA,29.70586,-86.19497,"N","Y","Y",2010-08-08,32
2010-08-08,"Chelonia mydas",NA,29.60731,-86.13211,"N","Y","Y",2010-08-08,32
2010-08-08,"Chelonia mydas",NA,29.61386,-86.17444,"N","Y","Y",2010-08-08,32
2010-08-10,"Lepidochelys kempii",NA,29.81969,-86.96106,"N","Y","Y",2010-08-10,33
2010-08-10,"Lepidochelys kempii",NA,29.81508,-86.96381,"N","Y","Y",2010-08-10,33
2010-08-10,"Lepidochelys kempii",NA,29.80275,-87.21925,"N","Y","Y",2010-08-10,33
2010-08-18,"Lepidochelys kempii",NA,30.29592,-86.24506,"N","Y","Y",2010-08-18,34
2010-08-18,"Chelonia mydas",NA,30.29433,-86.24408,"N","Y","Y",2010-08-18,34
2010-08-19,"Lepidochelys kempii",NA,30.33086,-86.2565,"N","Y","Y",2010-08-19,34
2010-08-20,"Caretta caretta",NA,29.21681,-88.58306,"N","Y","N",2010-08-20,34
2010-08-23,"Lepidochelys kempii",NA,29.98242,-86.94317,"N","Y","Y",2010-08-23,35
2010-08-23,"Lepidochelys kempii",NA,29.91092,-86.98219,"N","Y","Y",2010-08-23,35
2010-08-24,"Lepidochelys kempii",NA,29.95775,-86.69692,"N","Y","Y",2010-08-24,35
2010-08-24,"Lepidochelys kempii",NA,29.95522,-86.75856,"N","Y","Y",2010-08-24,35
2010-09-11,"Lepidochelys kempii","MS",30.39112,-88.95999,"N","Y","N",2010-09-11,37
2010-09-11,"Lepidochelys kempii","MS",30.38685,-89.00307,"N","Y","N",2010-09-11,37
2010-09-11,"Lepidochelys kempii","MS",30.21657,-88.50012,"N","Y","Y",2010-09-11,37
2010-09-12,"Caretta caretta","AL",30.23488,-88.26832,"N","Y","N",2010-09-12,37
2010-09-13,"Lepidochelys kempii","MS",30.39251,-88.93628,"N","Y","N",2010-09-13,38
2010-09-14,"Lepidochelys kempii","AL",30.26099,-87.91804,"N","Y","N",2010-09-14,38
2010-09-14,"Chelonia mydas","MS",30.40871,-88.83832,"N","Y","N",2010-09-14,38
2010-09-13,"Caretta caretta","LA",29.21558,-90.07536,"N","Y","N",2010-09-13,38
2010-09-14,"Lepidochelys kempii","LA",29.27447,-90.37815,"N","Y","N",2010-09-14,38
2010-09-15,"Lepidochelys kempii","LA",29.2621,-89.94968,"N","Y","N",2010-09-15,38
2010-09-16,"Caretta caretta","MS",30.33963,-88.57018,"N","Y","N",2010-09-16,38
2010-09-16,"Eretmochelys imbricata",NA,28.82572,-89.23475,"N","Y","Y",2010-09-16,38
2010-09-18,"Lepidochelys kempii","MS",30.28063,-89.36495,"N","Y","Y",2010-09-18,38
2010-09-19,"Lepidochelys kempii","MS",30.28063,-89.36495,"N","Y","Y",2010-09-19,38
2010-09-20,"Unknown","MS",30.38854,-88.98901,"N","Y","N",2010-09-20,39
2010-09-20,"Chelonia mydas",NA,29.72694,-87.19867,"N","Y","Y",2010-09-20,39
2010-09-20,"Lepidochelys kempii",NA,29.90764,-87.16842,"N","Y","Y",2010-09-20,39
2010-09-21,"Unknown","MS",30.35994,-88.67298,"N","Y","N",2010-09-21,39
2010-09-21,"Lepidochelys kempii","MS",30.40412,-88.82783,"N","Y","N",2010-09-21,39
2010-09-25,"Lepidochelys kempii","LA",29.2133,-90.05749,"N","Y","N",2010-09-25,39
2010-09-25,"Lepidochelys kempii","MS",30.40507,-88.82952,"N","Y","Y",2010-09-25,39
2010-09-27,"Caretta caretta","AL",30.29833,-87.55388,"N","Y","N",2010-09-27,40
2010-10-02,"Lepidochelys kempii","MS",30.28063,-89.36495,"N","Y","Y",2010-10-02,40
2010-10-02,"Lepidochelys kempii","FL",30.38514,-86.81927,"N","Y","N",2010-10-02,40
2010-10-05,"Lepidochelys kempii","AL",30.250019,-88.075422,"N","Y","N",2010-10-05,41
2010-10-06,"Lepidochelys kempii","LA",29.286767,-90.4934,"N","Y","N",2010-10-06,41
2010-10-07,"Chelonia mydas","LA",29.823303,-89.599252,"N","Y","N",2010-10-07,41
2010-09-22,"Lepidochelys kempii","MS",30.3754,-89.04436,"N","Y","N",2010-09-22,39
2010-09-24,"Lepidochelys kempii","FL",29.948048,-85.423495,"N","Y","N",2010-09-24,39
2010-10-11,"Lepidochelys kempii","MS",30.3917,-88.94903,"N","Y","N",2010-10-11,42
2010-10-11,"Chelonia mydas","LA",29.08765,-90.22342,"N","Y","N",2010-10-11,42
2010-10-12,"Unknown","LA",29.11993,-90.16254,"N","Y","N",2010-10-12,42
2010-10-18,"Lepidochelys kempii","AL",30.231953,-88.317361,"Y","Y","N",2010-10-18,43
